Date,Real_GDP,Nominal_GDP,Personal_Consumption,Private_Investment,Government_Spending,Exports,Imports,GDP_Per_Capita,GDI,Corporate_Profits
1947-01-01,2182.681,243.164,,35.854,40.274,18.394,7.519,15248.0,240.092,21.97
1947-04-01,2176.892,245.968,,34.505,40.138,19.497,8.203,15139.0,243.209,20.788
1947-07-01,2172.432,249.585,,34.911,39.361,19.433,7.663,15039.0,247.579,20.564
1947-10-01,2206.452,259.745,,43.25,39.534,17.636,8.347,15204.0,256.122,22.451
1948-01-01,2239.682,265.742,,47.202,40.875,16.917,9.624,15371.0,265.07,23.739
1948-04-01,2276.69,272.567,,50.336,42.884,15.241,10.036,15563.0,273.654,24.941
1948-07-01,2289.77,279.196,,52.516,44.66,15.405,10.456,15585.0,278.941,24.551
1948-10-01,2292.364,280.366,,51.334,46.603,14.625,10.124,15530.0,281.223,23.76
1949-01-01,2260.807,275.034,,43.14,48.585,16.082,9.604,15250.0,274.18,21.683
1949-04-01,2253.128,271.351,,36.241,50.381,15.647,9.364,15137.0,270.661,19.172
1949-07-01,2276.424,272.889,,39.549,50.356,14.115,8.936,15228.0,270.863,19.816
1949-10-01,2257.352,270.627,,37.468,49.91,12.091,9.092,15032.0,267.232,19.457
1950-01-01,2346.104,280.828,,46.749,48.956,11.704,9.501,15559.0,277.506,20.037
1950-04-01,2417.682,290.383,,52.291,49.643,11.872,10.229,15977.0,289.932,23.815
1950-07-01,2511.127,308.153,,58.641,49.746,12.293,13.033,16524.0,307.524,28.777
1950-10-01,2559.214,319.945,,68.441,53.713,13.531,13.685,16764.0,319.297,31.581
1951-01-01,2593.967,336.0,,64.582,62.033,15.043,14.866,16922.0,332.534,26.345
1951-04-01,2638.898,344.09,,67.383,69.821,17.121,15.178,17147.0,340.649,22.589
1951-07-01,2693.259,351.385,,61.981,78.046,18.052,14.31,17420.0,346.823,20.778
1951-10-01,2699.156,356.178,,57.084,83.314,18.18,13.99,17375.0,353.871,22.592
1952-01-01,2727.954,359.82,,58.132,84.998,18.679,14.958,17490.0,356.053,22.062
1952-04-01,2733.8,361.03,,53.004,88.987,16.581,14.63,17459.0,358.604,21.295
1952-07-01,2753.517,367.701,,57.22,90.931,15.246,15.25,17509.0,365.999,21.59
1952-10-01,2843.941,380.812,,60.737,93.418,15.329,16.342,18001.0,378.271,23.752
1953-01-01,2896.811,387.98,,61.663,95.764,15.128,15.795,18268.0,385.073,24.609
1953-04-01,2919.206,391.749,,62.115,97.925,15.196,16.447,18341.0,388.515,24.658
1953-07-01,2902.785,391.171,,61.435,96.622,15.755,16.307,18155.0,387.598,24.201
1953-10-01,2858.845,385.97,,56.446,96.747,15.172,15.507,17797.0,380.524,19.351
1954-01-01,2845.192,385.345,,55.717,94.831,14.424,14.78,17636.0,382.558,21.923
1954-04-01,2848.305,386.121,,55.449,92.534,16.438,16.184,17584.0,383.6,22.529
1954-07-01,2880.482,390.996,,58.971,91.148,15.878,15.304,17701.0,387.551,23.813
1954-10-01,2936.852,399.734,,62.139,91.356,16.605,15.46,17960.0,396.846,25.515
1955-01-01,3020.746,413.073,,68.702,91.869,17.273,16.169,18396.0,409.644,28.583
1955-04-01,3069.91,421.532,,72.688,92.533,16.942,17.097,18621.0,419.737,29.064
1955-07-01,3111.379,430.221,,74.747,94.099,18.145,17.421,18787.0,428.228,29.843
1955-10-01,3130.068,437.092,,78.882,93.331,18.349,18.109,18808.0,435.768,31.115
1956-01-01,3117.922,439.746,,78.303,94.848,19.365,18.925,18658.0,440.533,30.601
1956-04-01,3143.694,446.01,,77.02,98.247,20.882,18.973,18736.0,447.678,31.446
1956-07-01,3140.874,451.191,,78.267,98.279,21.822,19.253,18632.0,453.772,30.211
1956-10-01,3192.57,460.463,,77.145,101.345,23.068,18.541,18845.0,463.554,31.879
1957-01-01,3213.011,469.779,,77.728,105.342,24.919,20.1,18881.0,471.077,32.174
1957-04-01,3205.97,472.025,,77.907,105.842,24.369,20.27,18763.0,473.964,30.883
1957-07-01,3237.386,479.49,,79.339,107.405,23.759,19.762,18862.0,478.836,30.274
1957-10-01,3203.894,474.864,,71.045,110.062,23.022,19.634,18582.0,473.699,27.922
1958-01-01,3120.724,467.54,,66.73,109.843,20.534,19.455,18032.0,468.148,24.236
1958-04-01,3141.224,471.978,,65.065,113.624,20.546,20.075,18081.0,470.909,24.6
1958-07-01,3213.884,485.841,,71.999,115.093,20.595,19.739,18419.0,484.819,27.064
1958-10-01,3289.032,499.555,,80.001,117.992,20.563,20.823,18764.0,498.445,30.458
1959-01-01,3352.129,510.33,306.1,83.166,117.195,21.915,21.396,19041.0,510.145,32.706
1959-02-01,,,309.6,,,,,,,
1959-03-01,,,312.7,,,,,,,
1959-04-01,3427.667,522.653,312.2,89.381,118.535,21.776,22.544,19395.0,524.882,35.446
1959-05-01,,,316.1,,,,,,,
1959-06-01,,,318.2,,,,,,,
1959-07-01,3430.057,525.034,317.8,83.606,119.492,24.079,22.868,19326.0,522.572,32.441
1959-08-01,,,320.2,,,,,,,
1959-09-01,,,324.2,,,,,,,
1959-10-01,3439.832,528.6,322.8,86.524,118.608,23.131,22.504,19296.0,528.21,31.96
1959-11-01,,,322.9,,,,,,,
1959-12-01,,,322.9,,,,,,,
1960-01-01,3517.181,542.648,323.6,96.476,116.951,26.145,23.288,19614.0,542.125,34.614
1960-02-01,,,325.3,,,,,,,
1960-03-01,,,330.2,,,,,,,
1960-04-01,3498.246,541.08,336.5,87.096,118.38,26.85,23.455,19392.0,543.396,32.312
1960-05-01,,,330.0,,,,,,,
1960-06-01,,,330.1,,,,,,,
1960-07-01,3515.385,545.604,331.4,86.377,122.419,27.561,22.879,19390.0,545.291,31.023
1960-08-01,,,331.6,,,,,,,
1960-09-01,,,333.4,,,,,,,
1960-10-01,3470.278,540.197,335.4,75.963,124.33,27.622,21.742,19065.0,543.938,29.922
1960-11-01,,,335.4,,,,,,,
1960-12-01,,,331.3,,,,,,,
1961-01-01,3493.703,545.018,332.2,78.378,126.218,27.56,21.658,19130.0,546.222,29.223
1961-02-01,,,333.7,,,,,,,
1961-03-01,,,337.7,,,,,,,
1961-04-01,3553.021,555.545,337.6,84.108,127.254,26.627,21.899,19380.0,556.721,30.671
1961-05-01,,,339.9,,,,,,,
1961-06-01,,,340.9,,,,,,,
1961-07-01,3621.252,567.664,340.6,90.917,129.961,27.779,23.326,19670.0,567.148,32.317
1961-08-01,,,342.1,,,,,,,
1961-09-01,,,344.4,,,,,,,
1961-10-01,3692.289,580.612,346.5,92.931,133.516,28.442,23.87,19970.0,582.407,34.595
1961-11-01,,,349.9,,,,,,,
1961-12-01,,,352.4,,,,,,,
1962-01-01,3758.147,594.013,353.2,98.074,137.107,28.325,24.314,20254.0,592.505,35.196
1962-02-01,,,354.0,,,,,,,
1962-03-01,,,357.4,,,,,,,
1962-04-01,3792.149,600.366,359.0,96.706,138.426,29.662,24.884,20366.0,600.073,35.166
1962-05-01,,,362.0,,,,,,,
1962-06-01,,,360.4,,,,,,,
1962-07-01,3838.776,609.027,361.4,98.16,142.052,29.593,25.111,20536.0,607.427,36.205
1962-08-01,,,362.9,,,,,,,
1962-09-01,,,368.8,,,,,,,
1962-10-01,3851.421,612.28,366.5,94.968,143.562,28.683,25.55,20521.0,615.802,37.066
1962-11-01,,,371.7,,,,,,,
1962-12-01,,,373.6,,,,,,,
1963-01-01,3893.482,621.672,374.4,99.689,143.724,29.161,25.185,20677.0,623.85,36.708
1963-02-01,,,373.4,,,,,,,
1963-03-01,,,375.0,,,,,,,
1963-04-01,3937.183,629.752,376.4,101.65,144.132,31.448,25.89,20842.0,634.043,38.652
1963-05-01,,,377.2,,,,,,,
1963-06-01,,,381.7,,,,,,,
1963-07-01,4023.755,644.444,384.4,104.612,149.927,31.215,26.704,21219.0,643.45,39.653
1963-08-01,,,386.3,,,,,,,
1963-09-01,,,385.5,,,,,,,
1963-10-01,4050.147,653.938,386.0,107.189,150.989,32.474,26.764,21276.0,654.309,40.688
1963-11-01,,,389.4,,,,,,,
1963-12-01,,,394.7,,,,,,,
1964-01-01,4135.553,669.822,396.8,110.474,152.554,34.192,26.978,21657.0,667.299,44.409
1964-02-01,,,400.2,,,,,,,
1964-03-01,,,401.8,,,,,,,
1964-04-01,4180.592,678.674,402.8,110.518,154.314,34.03,27.726,21824.0,678.727,44.397
1964-05-01,,,408.4,,,,,,,
1964-06-01,,,411.4,,,,,,,
1964-07-01,4245.918,692.031,414.9,112.631,156.033,35.375,28.429,22085.0,691.1,45.512
1964-08-01,,,417.7,,,,,,,
1964-09-01,,,416.6,,,,,,,
1964-10-01,4259.046,697.319,419.6,114.984,156.152,36.48,29.285,22075.0,700.907,45.174
1964-11-01,,,416.4,,,,,,,
1964-12-01,,,421.0,,,,,,,
1965-01-01,4362.111,717.79,424.4,126.542,157.025,32.969,28.457,22547.0,720.152,50.699
1965-02-01,,,431.4,,,,,,,
1965-03-01,,,433.3,,,,,,,
1965-04-01,4417.225,730.191,437.1,127.052,159.808,38.367,31.679,22770.0,732.681,52.574
1965-05-01,,,437.6,,,,,,,
1965-06-01,,,435.2,,,,,,,
1965-07-01,4515.427,749.323,441.0,131.237,166.761,37.551,32.03,23198.0,745.903,53.517
1965-08-01,,,444.4,,,,,,,
1965-09-01,,,452.0,,,,,,,
1965-10-01,4619.458,771.857,458.5,133.752,172.619,39.698,33.948,23656.0,767.46,56.577
1965-11-01,,,459.1,,,,,,,
1965-12-01,,,461.7,,,,,,,
1966-01-01,4731.888,795.734,465.2,144.2,177.032,39.356,34.99,24172.0,789.329,58.118
1966-02-01,,,470.2,,,,,,,
1966-03-01,,,475.0,,,,,,,
1966-04-01,4748.046,804.981,476.9,143.501,181.659,40.872,36.24,24191.0,801.086,58.576
1966-05-01,,,473.1,,,,,,,
1966-06-01,,,475.5,,,,,,,
1966-07-01,4788.254,819.638,480.6,143.194,189.466,40.857,38.171,24321.0,814.396,58.397
1966-08-01,,,483.2,,,,,,,
1966-09-01,,,489.2,,,,,,,
1966-10-01,4827.537,833.302,488.3,145.855,193.621,42.594,38.829,24446.0,828.503,57.517
1966-11-01,,,490.1,,,,,,,
1966-12-01,,,491.8,,,,,,,
1967-01-01,4870.299,844.17,494.2,142.811,202.588,43.886,39.432,24602.0,836.797,55.152
1967-02-01,,,493.0,,,,,,,
1967-03-01,,,495.8,,,,,,,
1967-04-01,4873.287,848.983,501.3,137.495,203.811,43.239,39.02,24556.0,845.681,55.258
1967-05-01,,,502.2,,,,,,,
1967-06-01,,,506.8,,,,,,,
1967-07-01,4919.392,865.233,506.7,142.835,208.379,42.845,39.543,24719.0,862.763,56.54
1967-08-01,,,509.8,,,,,,,
1967-09-01,,,515.6,,,,,,,
1967-10-01,4956.477,881.439,512.2,147.653,213.293,43.896,41.652,24836.0,881.145,59.497
1967-11-01,,,517.4,,,,,,,
1967-12-01,,,525.1,,,,,,,
1968-01-01,5057.553,909.387,530.9,152.288,219.749,45.452,44.399,25288.0,904.129,58.82
1968-02-01,,,533.6,,,,,,,
1968-03-01,,,544.3,,,,,,,
1968-04-01,5142.033,934.344,544.0,158.943,223.637,47.165,45.416,25652.0,927.463,60.526
1968-05-01,,,549.8,,,,,,,
1968-06-01,,,556.3,,,,,,,
1968-07-01,5181.859,950.825,563.2,155.683,227.37,49.891,48.24,25781.0,949.276,61.024
1968-08-01,,,567.0,,,,,,,
1968-09-01,,,568.2,,,,,,,
1968-10-01,5202.212,968.03,571.6,160.76,231.347,49.116,48.17,25813.0,969.185,62.599
1968-11-01,,,576.7,,,,,,,
1968-12-01,,,576.5,,,,,,,
1969-01-01,5283.597,993.337,583.5,172.388,233.705,44.042,43.804,26162.0,988.736,61.994
1969-02-01,,,588.7,,,,,,,
1969-03-01,,,588.9,,,,,,,
1969-04-01,5299.625,1009.02,593.9,172.721,236.859,53.775,52.671,26181.0,1007.398,60.335
1969-05-01,,,600.3,,,,,,,
1969-06-01,,,600.9,,,,,,,
1969-07-01,5334.6,1029.956,602.7,177.564,242.535,53.596,52.365,26281.0,1028.459,58.634
1969-08-01,,,609.9,,,,,,,
1969-09-01,,,613.2,,,,,,,
1969-10-01,5308.556,1038.147,618.5,171.573,242.838,56.275,53.126,26076.0,1039.539,57.815
1969-11-01,,,620.5,,,,,,,
1969-12-01,,,622.8,,,,,,,
1970-01-01,5300.652,1051.2,628.7,168.113,247.889,57.031,53.517,25973.0,1047.063,55.323
1970-02-01,,,634.0,,,,,,,
1970-03-01,,,632.3,,,,,,,
1970-04-01,5308.164,1067.375,636.0,171.455,249.143,60.411,55.204,25929.0,1061.858,55.194
1970-05-01,,,642.4,,,,,,,
1970-06-01,,,646.3,,,,,,,
1970-07-01,5357.077,1086.059,648.5,173.904,254.584,60.519,56.431,26079.0,1079.478,56.132
1970-08-01,,,652.9,,,,,,,
1970-09-01,,,659.1,,,,,,,
1970-10-01,5299.672,1088.608,658.3,166.754,258.708,60.873,57.888,25710.0,1083.461,53.35
1970-11-01,,,656.6,,,,,,,
1970-12-01,,,665.6,,,,,,,
1971-01-01,5443.619,1135.156,676.1,189.495,261.905,63.221,58.651,26328.0,1121.847,60.152
1971-02-01,,,679.4,,,,,,,
1971-03-01,,,682.0,,,,,,,
1971-04-01,5473.059,1156.271,688.8,197.329,266.118,62.894,63.296,26394.0,1143.994,62.42
1971-05-01,,,691.1,,,,,,,
1971-06-01,,,699.8,,,,,,,
1971-07-01,5518.072,1177.675,698.9,202.058,269.783,65.717,65.482,26529.0,1165.451,66.544
1971-08-01,,,704.9,,,,,,,
1971-09-01,,,713.0,,,,,,,
1971-10-01,5531.032,1190.297,715.8,198.411,272.067,60.019,61.939,26510.0,1190.035,68.735
1971-11-01,,,720.9,,,,,,,
1971-12-01,,,728.4,,,,,,,
1972-01-01,5632.649,1230.609,731.5,212.968,282.228,68.639,72.173,26932.0,1225.632,72.785
1972-02-01,,,736.2,,,,,,,
1972-03-01,,,749.2,,,,,,,
1972-04-01,5760.47,1266.369,752.5,226.798,286.464,67.152,71.409,27478.0,1249.073,73.825
1972-05-01,,,758.0,,,,,,,
1972-06-01,,,761.6,,,,,,,
1972-07-01,5814.854,1290.566,769.9,233.09,284.316,71.453,74.09,27666.0,1281.679,77.004
1972-08-01,,,776.3,,,,,,,
1972-09-01,,,781.1,,,,,,,
1972-10-01,5912.22,1328.904,794.9,239.715,291.749,76.129,79.19,28055.0,1331.426,83.484
1972-11-01,,,800.5,,,,,,,
1972-12-01,,,806.1,,,,,,,
1973-01-01,6058.544,1377.49,816.5,254.313,299.571,83.959,85.36,28687.0,1370.82,95.547
1973-02-01,,,825.8,,,,,,,
1973-03-01,,,832.8,,,,,,,
1973-04-01,6124.506,1413.887,835.7,268.196,302.709,91.923,89.468,28935.0,1399.511,99.033
1973-05-01,,,841.6,,,,,,,
1973-06-01,,,844.3,,,,,,,
1973-07-01,6092.301,1433.838,854.1,264.335,304.189,97.576,91.139,28711.0,1431.358,101.161
1973-08-01,,,853.3,,,,,,,
1973-09-01,,,869.2,,,,,,,
1973-10-01,6150.131,1476.289,868.2,280.858,312.593,107.62,98.669,28913.0,1475.234,106.253
1973-11-01,,,876.9,,,,,,,
1973-12-01,,,876.6,,,,,,,
1974-01-01,6097.258,1491.209,884.5,268.361,324.586,116.709,110.315,28606.0,1491.146,112.656
1974-02-01,,,889.7,,,,,,,
1974-03-01,,,901.4,,,,,,,
1974-04-01,6111.751,1530.056,910.8,277.391,334.957,126.668,129.382,28613.0,1520.365,115.543
1974-05-01,,,922.4,,,,,,,
1974-06-01,,,928.0,,,,,,,
1974-07-01,6053.978,1560.026,937.9,271.013,346.71,126.638,133.61,28270.0,1556.456,121.06
1974-08-01,,,954.8,,,,,,,
1974-09-01,,,955.1,,,,,,,
1974-10-01,6030.464,1599.679,959.2,281.339,359.228,136.585,136.552,28088.0,1583.154,107.908
1974-11-01,,,956.2,,,,,,,
1974-12-01,,,961.8,,,,,,,
1975-01-01,5957.035,1616.116,975.6,244.306,370.138,141.369,124.888,27690.0,1600.724,94.707
1975-02-01,,,989.4,,,,,,,
1975-03-01,,,990.6,,,,,,,
1975-04-01,5999.61,1651.853,995.0,243.281,373.408,136.827,115.245,27821.0,1637.971,99.406
1975-05-01,,,1018.9,,,,,,,
1975-06-01,,,1026.8,,,,,,,
1975-07-01,6102.326,1709.82,1039.8,265.192,385.394,134.098,122.055,28214.0,1700.816,115.831
1975-08-01,,,1047.0,,,,,,,
1975-09-01,,,1054.8,,,,,,,
1975-10-01,6184.53,1761.831,1060.9,276.236,395.571,142.531,128.73,28520.0,1746.705,124.091
1975-11-01,,,1075.8,,,,,,,
1975-12-01,,,1092.1,,,,,,,
1976-01-01,6323.649,1820.487,1107.1,304.638,401.291,143.588,138.938,29099.0,1801.802,132.702
1976-02-01,,,1107.7,,,,,,,
1976-03-01,,,1114.9,,,,,,,
1976-04-01,6370.025,1852.332,1125.4,322.303,400.985,146.621,147.116,29250.0,1831.4,136.551
1976-05-01,,,1122.7,,,,,,,
1976-06-01,,,1140.5,,,,,,,
1976-07-01,6404.895,1886.558,1149.6,328.307,403.517,151.775,155.848,29335.0,1869.193,138.84
1976-08-01,,,1158.0,,,,,,,
1976-09-01,,,1168.8,,,,,,,
1976-10-01,6451.177,1934.273,1176.8,337.65,410.818,156.076,162.68,29469.0,1908.639,139.091
1976-11-01,,,1189.0,,,,,,,
1976-12-01,,,1211.5,,,,,,,
1977-01-01,6527.703,1988.648,1215.0,360.313,421.202,155.354,176.433,29749.0,1960.906,149.831
1977-02-01,,,1231.3,,,,,,,
1977-03-01,,,1238.3,,,,,,,
1977-04-01,6654.466,2055.909,1247.3,389.703,431.362,161.906,183.042,30254.0,2035.208,158.751
1977-05-01,,,1257.1,,,,,,,
1977-06-01,,,1263.6,,,,,,,
1977-07-01,6774.457,2118.473,1280.5,414.134,438.014,162.325,182.904,30713.0,2097.868,165.143
1977-08-01,,,1285.7,,,,,,,
1977-09-01,,,1294.5,,,,,,,
1977-10-01,6774.592,2164.27,1311.4,422.299,446.749,157.809,187.391,30626.0,2155.534,166.231
1977-11-01,,,1327.0,,,,,,,
1977-12-01,,,1336.0,,,,,,,
1978-01-01,6796.26,2202.76,1329.5,434.799,452.589,164.601,203.282,30653.0,2199.97,171.939
1978-02-01,,,1355.1,,,,,,,
1978-03-01,,,1377.5,,,,,,,
1978-04-01,7058.92,2331.633,1396.4,470.584,472.288,186.215,208.84,31757.0,2309.587,190.742
1978-05-01,,,1412.0,,,,,,,
1978-06-01,,,1425.8,,,,,,,
1978-07-01,7129.915,2395.053,1426.8,492.368,484.229,191.302,215.062,31982.0,2365.857,197.659
1978-08-01,,,1447.0,,,,,,,
1978-09-01,,,1452.9,,,,,,,
1978-10-01,7225.75,2476.949,1466.9,515.755,496.241,205.415,221.815,32318.0,2437.684,209.891
1978-11-01,,,1480.6,,,,,,,
1978-12-01,,,1496.5,,,,,,,
1979-01-01,7238.727,2526.61,1502.4,525.809,501.818,211.669,229.828,32294.0,2501.832,212.834
1979-02-01,,,1517.8,,,,,,,
1979-03-01,,,1531.2,,,,,,,
1979-04-01,7246.454,2591.247,1538.4,539.293,516.508,220.908,243.097,32244.0,2550.227,221.197
1979-05-01,,,1558.8,,,,,,,
1979-06-01,,,1575.7,,,,,,,
1979-07-01,7300.281,2667.565,1586.1,545.621,533.106,234.277,257.306,32386.0,2609.135,226.008
1979-08-01,,,1615.6,,,,,,,
1979-09-01,,,1633.9,,,,,,,
1979-10-01,7318.535,2723.883,1641.6,547.875,547.775,253.664,280.466,32366.0,2668.123,222.524
1979-11-01,,,1657.3,,,,,,,
1979-12-01,,,1666.3,,,,,,,
1980-01-01,7341.557,2789.842,1697.3,554.562,568.781,268.508,304.311,32377.0,2722.05,223.179
1980-02-01,,,1701.4,,,,,,,
1980-03-01,,,1708.2,,,,,,,
1980-04-01,7190.289,2797.352,1695.2,519.294,588.547,277.389,292.6,31621.0,2741.686,194.437
1980-05-01,,,1700.1,,,,,,,
1980-06-01,,,1718.8,,,,,,,
1980-07-01,7181.743,2856.483,1747.1,495.071,592.169,284.673,279.202,31489.0,2823.75,201.722
1980-08-01,,,1763.8,,,,,,,
1980-09-01,,,1780.5,,,,,,,
1980-10-01,7315.677,2985.557,1817.1,551.472,608.893,292.517,299.2,31990.0,2964.663,208.021
1980-11-01,,,1826.8,,,,,,,
1980-12-01,,,1851.7,,,,,,,
1981-01-01,7459.022,3124.206,1870.0,619.381,633.35,305.467,319.726,32550.0,3064.9,211.951
1981-02-01,,,1884.2,,,,,,,
1981-03-01,,,1902.9,,,,,,,
1981-04-01,7403.745,3162.532,1904.4,609.843,648.673,308.455,321.963,32236.0,3127.116,200.097
1981-05-01,,,1913.8,,,,,,,
1981-06-01,,,1934.5,,,,,,,
1981-07-01,7492.405,3260.609,1942.1,652.297,657.774,302.339,309.9,32533.0,3231.849,205.12
1981-08-01,,,1966.6,,,,,,,
1981-09-01,,,1965.5,,,,,,,
1981-10-01,7410.768,3280.818,1963.9,643.395,677.727,304.695,319.445,32095.0,3253.483,201.675
1981-11-01,,,1970.6,,,,,,,
1981-12-01,,,1988.8,,,,,,,
1982-01-01,7295.631,3274.302,1997.1,588.318,688.104,293.202,309.478,31529.0,3272.128,181.46
1982-02-01,,,2021.2,,,,,,,
1982-03-01,,,2024.1,,,,,,,
1982-04-01,7328.912,3331.972,2026.3,593.621,703.093,294.729,299.115,31603.0,3326.727,183.28
1982-05-01,,,2044.5,,,,,,,
1982-06-01,,,2048.1,,,,,,,
1982-07-01,7300.896,3366.322,2072.2,592.954,717.344,279.634,309.282,31402.0,3360.833,178.589
1982-08-01,,,2080.1,,,,,,,
1982-09-01,,,2104.6,,,,,,,
1982-10-01,7303.817,3402.561,2125.8,549.242,737.351,265.274,294.861,31337.0,3380.87,172.4
1982-11-01,,,2149.3,,,,,,,
1982-12-01,,,2161.6,,,,,,,
1983-01-01,7400.066,3473.413,2174.0,565.52,747.852,270.703,295.251,31686.0,3442.826,173.982
1983-02-01,,,2177.0,,,,,,,
1983-03-01,,,2202.8,,,,,,,
1983-04-01,7568.456,3578.848,2226.4,613.783,761.061,272.514,317.949,32340.0,3526.639,193.299
1983-05-01,,,2245.9,,,,,,,
1983-06-01,,,2276.0,,,,,,,
1983-07-01,7719.746,3689.179,2304.4,652.269,782.216,278.181,343.381,32906.0,3613.588,204.717
1983-08-01,,,2320.4,,,,,,,
1983-09-01,,,2334.9,,,,,,,
1983-10-01,7880.794,3794.706,2357.6,718.496,775.099,286.587,357.972,33513.0,3725.69,210.419
1983-11-01,,,2366.3,,,,,,,
1983-12-01,,,2393.6,,,,,,,
1984-01-01,8034.847,3908.054,2419.4,790.872,794.021,292.975,387.978,34103.0,3866.136,219.241
1984-02-01,,,2403.5,,,,,,,
1984-03-01,,,2431.6,,,,,,,
1984-04-01,8173.67,4009.601,2457.5,818.894,819.132,302.2,406.501,34622.0,3962.847,220.406
1984-05-01,,,2474.5,,,,,,,
1984-06-01,,,2495.6,,,,,,,
1984-07-01,8252.465,4084.25,2494.6,838.852,835.72,305.744,409.591,34871.0,4040.395,211.838
1984-08-01,,,2512.2,,,,,,,
1984-09-01,,,2533.8,,,,,,,
1984-10-01,8320.199,4148.551,2531.3,831.741,862.769,308.603,416.359,35072.0,4115.393,213.115
1984-11-01,,,2571.4,,,,,,,
1984-12-01,,,2582.6,,,,,,,
1985-01-01,8400.82,4230.168,2618.8,809.865,875.592,306.01,397.308,35346.0,4191.02,203.842
1985-02-01,,,2640.8,,,,,,,
1985-03-01,,,2648.5,,,,,,,
1985-04-01,8474.787,4294.887,2659.5,827.04,900.527,304.126,418.571,35582.0,4248.348,204.591
1985-05-01,,,2696.4,,,,,,,
1985-06-01,,,2689.4,,,,,,,
1985-07-01,8604.22,4386.773,2715.7,822.157,927.363,297.273,414.168,36033.0,4325.809,208.314
1985-08-01,,,2752.1,,,,,,,
1985-09-01,,,2794.7,,,,,,,
1985-10-01,8668.188,4444.094,2755.8,859.545,938.584,305.433,438.867,36210.0,4374.446,209.769
1985-11-01,,,2771.1,,,,,,,
1985-12-01,,,2811.3,,,,,,,
1986-01-01,8749.127,4507.894,2827.1,863.457,946.803,313.404,439.418,36476.0,4439.594,174.669
1986-02-01,,,2820.2,,,,,,,
1986-03-01,,,2823.6,,,,,,,
1986-04-01,8788.524,4545.34,2835.2,855.237,967.519,315.119,443.99,36563.0,4468.777,171.227
1986-05-01,,,2857.5,,,,,,,
1986-06-01,,,2861.7,,,,,,,
1986-07-01,8872.601,4607.669,2881.2,835.832,993.597,320.471,459.432,36822.0,4515.237,170.904
1986-08-01,,,2898.6,,,,,,,
1986-09-01,,,2971.8,,,,,,,
1986-10-01,8920.193,4657.627,2932.9,842.063,996.385,334.999,468.628,36931.0,4575.53,177.255
1986-11-01,,,2928.4,,,,,,,
1986-12-01,,,2997.1,,,,,,,
1987-01-01,8986.367,4722.156,2935.5,871.196,1008.681,336.451,477.685,37132.0,4652.468,191.686
1987-02-01,,,3001.7,,,,,,,
1987-03-01,,,3013.3,,,,,,,
1987-04-01,9083.256,4806.16,3038.8,874.588,1025.219,355.36,502.337,37454.0,4759.392,220.614
1987-05-01,,,3048.4,,,,,,,
1987-06-01,,,3072.8,,,,,,,
1987-07-01,9162.024,4884.555,3094.7,876.466,1036.195,371.854,517.318,37685.0,4865.151,235.711
1987-08-01,,,3130.8,,,,,,,
1987-09-01,,,3126.5,,,,,,,
1987-10-01,9319.332,5007.994,3134.5,946.459,1056.024,392.107,537.511,38238.0,4969.432,243.661
1987-11-01,,,3144.2,,,,,,,
1987-12-01,,,3174.1,,,,,,,
1988-01-01,9367.502,5073.372,3213.7,908.569,1056.893,418.727,542.714,38359.0,5068.209,252.224
1988-02-01,,,3221.4,,,,,,,
1988-03-01,,,3260.5,,,,,,,
1988-04-01,9490.594,5190.036,3263.0,934.525,1070.421,439.471,546.098,38782.0,5176.433,266.622
1988-05-01,,,3293.6,,,,,,,
1988-06-01,,,3318.5,,,,,,,
1988-07-01,9546.206,5282.835,3342.7,942.009,1078.19,453.586,552.849,38908.0,5285.539,265.879
1988-08-01,,,3368.0,,,,,,,
1988-09-01,,,3375.0,,,,,,,
1988-10-01,9673.405,5399.509,3413.7,962.748,1109.916,466.619,574.314,39328.0,5404.274,278.787
1988-11-01,,,3430.2,,,,,,,
1988-12-01,,,3459.7,,,,,,,
1989-01-01,9771.725,5511.253,3483.7,1005.487,1116.559,485.189,586.154,39648.0,5493.904,278.613
1989-02-01,,,3488.0,,,,,,,
1989-03-01,,,3498.8,,,,,,,
1989-04-01,9846.293,5612.463,3543.0,1001.047,1145.809,507.229,595.389,39861.0,5542.536,273.165
1989-05-01,,,3551.8,,,,,,,
1989-06-01,,,3566.6,,,,,,,
1989-07-01,9919.228,5695.365,3585.7,996.46,1164.58,509.352,584.427,40046.0,5606.205,262.833
1989-08-01,,,3620.6,,,,,,,
1989-09-01,,,3621.9,,,,,,,
1989-10-01,9938.767,5747.237,3633.6,995.809,1180.5,515.387,598.152,40015.0,5652.361,263.0
1989-11-01,,,3643.3,,,,,,,
1989-12-01,,,3684.2,,,,,,,
1990-01-01,10047.386,5872.701,3730.7,1010.838,1212.45,538.232,626.767,40361.0,5767.833,272.8
1990-02-01,,,3728.2,,,,,,,
1990-03-01,,,3754.9,,,,,,,
1990-04-01,10083.855,5960.028,3770.0,1014.72,1230.721,545.925,614.759,40382.0,5864.899,285.023
1990-05-01,,,3775.8,,,,,,,
1990-06-01,,,3804.5,,,,,,,
1990-07-01,10090.569,6015.116,3821.7,1000.785,1242.584,555.149,630.102,40266.0,5910.988,289.176
1990-08-01,,,3848.3,,,,,,,
1990-09-01,,,3870.1,,,,,,,
1990-10-01,9998.704,6004.733,3870.6,947.453,1268.467,568.186,647.282,39759.0,5927.434,288.348
1990-11-01,,,3871.9,,,,,,,
1990-12-01,,,3861.3,,,,,,,
1991-01-01,9951.916,6035.178,3841.0,924.569,1284.187,573.177,620.317,39451.0,5973.071,299.498
1991-02-01,,,3866.7,,,,,,,
1991-03-01,,,3913.0,,,,,,,
1991-04-01,10029.51,6126.862,3907.1,926.541,1296.577,590.733,613.921,39632.0,6034.491,304.593
1991-05-01,,,3933.2,,,,,,,
1991-06-01,,,3940.5,,,,,,,
1991-07-01,10080.195,6205.937,3966.0,947.476,1306.265,600.595,621.669,39691.0,6098.185,310.435
1991-08-01,,,3969.1,,,,,,,
1991-09-01,,,3984.7,,,,,,,
1991-10-01,10115.329,6264.54,3976.0,978.788,1308.774,615.217,638.27,39694.0,6155.919,316.101
1991-11-01,,,4003.6,,,,,,,
1991-12-01,,,4020.5,,,,,,,
1992-01-01,10236.435,6363.102,4084.7,956.817,1326.421,625.287,645.823,40051.0,6284.7,329.803
1992-02-01,,,4099.5,,,,,,,
1992-03-01,,,4117.0,,,,,,,
1992-04-01,10347.429,6470.763,4131.5,1013.084,1334.807,626.163,658.951,40350.0,6375.336,344.556
1992-05-01,,,4158.4,,,,,,,
1992-06-01,,,4177.1,,,,,,,
1992-07-01,10449.673,6566.641,4204.8,1024.162,1353.997,639.365,677.853,40599.0,6427.0,328.651
1992-08-01,,,4220.9,,,,,,,
1992-09-01,,,4255.3,,,,,,,
1992-10-01,10558.648,6680.803,4284.7,1057.962,1362.775,641.396,688.536,40881.0,6532.228,336.054
1992-11-01,,,4300.5,,,,,,,
1992-12-01,,,4336.4,,,,,,,
1993-01-01,10576.275,6729.459,4340.7,1083.829,1351.818,643.606,699.31,40829.0,6546.005,334.638
1993-02-01,,,4355.3,,,,,,,
1993-03-01,,,4352.5,,,,,,,
1993-04-01,10637.847,6808.939,4393.4,1094.479,1359.066,653.094,716.281,40942.0,6664.264,349.005
1993-05-01,,,4422.4,,,,,,,
1993-06-01,,,4440.0,,,,,,,
1993-07-01,10688.606,6882.098,4468.9,1095.852,1367.411,650.897,719.251,40997.0,6717.134,362.106
1993-08-01,,,4481.1,,,,,,,
1993-09-01,,,4511.5,,,,,,,
1993-10-01,10833.987,7013.738,4532.8,1153.142,1381.394,671.6,745.049,41423.0,6885.13,382.444
1993-11-01,,,4554.1,,,,,,,
1993-12-01,,,4571.1,,,,,,,
1994-01-01,10939.116,7115.652,4585.1,1201.675,1373.35,681.232,761.827,41713.0,6956.227,413.269
1994-02-01,,,4632.6,,,,,,,
1994-03-01,,,4646.0,,,,,,,
1994-04-01,11087.361,7246.931,4671.1,1264.948,1389.392,706.988,797.56,42154.0,7098.217,427.525
1994-05-01,,,4669.5,,,,,,,
1994-06-01,,,4708.9,,,,,,,
1994-07-01,11152.176,7331.075,4720.6,1251.749,1423.432,736.883,833.751,42264.0,7205.842,449.48
1994-08-01,,,4762.6,,,,,,,
1994-09-01,,,4775.0,,,,,,,
1994-10-01,11279.932,7455.288,4812.9,1307.566,1422.923,758.646,860.559,42618.0,7331.661,463.129
1994-11-01,,,4825.6,,,,,,,
1994-12-01,,,4841.6,,,,,,,
1995-01-01,11319.951,7522.289,4851.2,1327.586,1437.596,781.57,886.899,42654.0,7401.941,477.546
1995-02-01,,,4850.8,,,,,,,
1995-03-01,,,4885.4,,,,,,,
1995-04-01,11353.721,7580.997,4890.2,1303.988,1452.892,798.851,908.343,42660.0,7480.96,501.314
1995-05-01,,,4933.1,,,,,,,
1995-06-01,,,4977.5,,,,,,,
1995-07-01,11450.31,7683.125,4970.2,1303.248,1455.659,831.399,905.843,42885.0,7610.482,509.306
1995-08-01,,,5005.3,,,,,,,
1995-09-01,,,5020.5,,,,,,,
1995-10-01,11528.067,7772.586,5013.9,1335.135,1451.575,839.421,909.201,43044.0,7696.985,516.952
1995-11-01,,,5055.6,,,,,,,
1995-12-01,,,5097.5,,,,,,,
1996-01-01,11614.418,7868.468,5085.7,1355.353,1471.295,847.94,936.735,43259.0,7820.26,537.204
1996-02-01,,,5132.8,,,,,,,
1996-03-01,,,5173.3,,,,,,,
1996-04-01,11808.14,8032.84,5208.0,1418.388,1487.662,859.042,952.751,43856.0,7967.235,540.29
1996-05-01,,,5223.8,,,,,,,
1996-06-01,,,5229.8,,,,,,,
1996-07-01,11914.063,8131.408,5251.9,1474.35,1496.733,859.577,973.757,44105.0,8066.765,537.278
1996-08-01,,,5275.0,,,,,,,
1996-09-01,,,5296.6,,,,,,,
1996-10-01,12037.775,8259.771,5328.5,1480.128,1515.702,903.798,992.62,44421.0,8210.113,550.942
1996-11-01,,,5351.2,,,,,,,
1996-12-01,,,5378.6,,,,,,,
1997-01-01,12115.472,8362.655,5411.1,1522.404,1515.985,918.374,1027.213,44590.0,8349.95,564.382
1997-02-01,,,5434.0,,,,,,,
1997-03-01,,,5454.2,,,,,,,
1997-04-01,12317.221,8518.825,5459.3,1590.218,1542.541,954.45,1039.651,45203.0,8474.827,584.518
1997-05-01,,,5460.2,,,,,,,
1997-06-01,,,5494.2,,,,,,,
1997-07-01,12471.01,8662.823,5548.8,1625.251,1555.224,974.057,1070.888,45616.0,8648.935,608.221
1997-08-01,,,5587.0,,,,,,,
1997-09-01,,,5601.7,,,,,,,
1997-10-01,12577.495,8765.907,5637.7,1644.529,1574.782,968.33,1085.344,45862.0,8795.494,611.944
1997-11-01,,,5661.1,,,,,,,
1997-12-01,,,5692.1,,,,,,,
1998-01-01,12703.742,8866.48,5689.9,1712.324,1568.029,963.021,1098.236,46204.0,8894.375,539.192
1998-02-01,,,5723.8,,,,,,,
1998-03-01,,,5750.3,,,,,,,
1998-04-01,12821.339,8969.699,5788.1,1695.773,1603.691,947.295,1109.626,46504.0,9046.494,538.408
1998-05-01,,,5837.9,,,,,,,
1998-06-01,,,5871.7,,,,,,,
1998-07-01,12982.752,9121.097,5890.0,1741.623,1627.262,935.263,1109.897,46943.0,9210.815,535.273
1998-08-01,,,5925.0,,,,,,,
1998-09-01,,,5965.6,,,,,,,
1998-10-01,13191.67,9293.991,5998.8,1796.964,1647.452,966.337,1145.0,47555.0,9325.159,519.082
1998-11-01,,,6015.4,,,,,,,
1998-12-01,,,6070.5,,,,,,,
1999-01-01,13315.597,9411.682,6073.9,1853.063,1669.139,960.764,1173.324,47880.0,9486.042,552.462
1999-02-01,,,6099.2,,,,,,,
1999-03-01,,,6133.0,,,,,,,
1999-04-01,13426.748,9526.21,6199.5,1848.341,1694.757,974.597,1222.126,48148.0,9567.858,568.577
1999-05-01,,,6232.1,,,,,,,
1999-06-01,,,6260.3,,,,,,,
1999-07-01,13604.771,9686.626,6287.6,1893.735,1733.984,1005.309,1281.712,48632.0,9695.871,569.275
1999-08-01,,,6331.9,,,,,,,
1999-09-01,,,6386.5,,,,,,,
1999-10-01,13827.98,9900.169,6411.4,1953.097,1781.74,1030.971,1332.679,49281.0,9892.178,590.992
1999-11-01,,,6448.7,,,,,,,
1999-12-01,,,6541.0,,,,,,,
2000-01-01,13878.147,10002.179,6542.9,1950.65,1789.895,1052.904,1409.487,49335.0,10156.063,565.043
2000-02-01,,,6625.3,,,,,,,
2000-03-01,,,6686.5,,,,,,,
2000-04-01,14130.908,10247.72,6679.1,2075.786,1822.524,1093.36,1455.86,50109.0,10287.356,559.322
2000-05-01,,,6709.7,,,,,,,
2000-06-01,,,6746.9,,,,,,,
2000-07-01,14145.312,10318.165,6768.5,2059.969,1832.078,1125.002,1518.869,50024.0,10442.351,554.17
2000-08-01,,,6802.8,,,,,,,
2000-09-01,,,6888.6,,,,,,,
2000-10-01,14229.765,10435.744,6893.8,2067.227,1861.253,1113.177,1524.52,50190.0,10501.081,533.362
2000-11-01,,,6909.8,,,,,,,
2000-12-01,,,6952.2,,,,,,,
2001-01-01,14183.12,10470.231,6987.4,1971.333,1906.253,1096.812,1499.464,49911.0,10679.421,562.885
2001-02-01,,,7001.8,,,,,,,
2001-03-01,,,6996.7,,,,,,,
2001-04-01,14271.694,10599.0,7004.2,1973.033,1947.731,1058.013,1422.028,50105.0,10732.106,581.778
2001-05-01,,,7052.8,,,,,,,
2001-06-01,,,7069.7,,,,,,,
2001-07-01,14214.516,10598.02,7082.3,1944.909,1953.408,998.902,1369.536,49774.0,10718.673,532.108
2001-08-01,,,7121.7,,,,,,,
2001-09-01,,,7007.0,,,,,,,
2001-10-01,14253.574,10660.465,7212.9,1850.091,1992.742,953.52,1323.208,49783.0,10664.415,512.713
2001-11-01,,,7182.3,,,,,,,
2001-12-01,,,7166.7,,,,,,,
2002-01-01,14372.785,10783.5,7184.6,1912.659,2040.01,969.157,1356.041,50091.0,10826.772,558.468
2002-02-01,,,7225.2,,,,,,,
2002-03-01,,,7243.4,,,,,,,
2002-04-01,14460.848,10887.46,7312.5,1933.282,2074.482,1004.154,1432.413,50286.0,10967.337,614.559
2002-05-01,,,7288.9,,,,,,,
2002-06-01,,,7322.5,,,,,,,
2002-07-01,14519.633,10984.04,7387.3,1933.197,2101.256,1015.56,1463.107,50362.0,11051.742,669.481
2002-08-01,,,7412.6,,,,,,,
2002-09-01,,,7391.5,,,,,,,
2002-10-01,14537.58,11061.433,7435.2,1942.531,2142.232,1003.046,1499.335,50302.0,11197.272,742.298
2002-11-01,,,7463.8,,,,,,,
2002-12-01,,,7519.9,,,,,,,
2003-01-01,14614.141,11174.129,7541.3,1960.221,2172.01,1004.201,1529.463,50462.0,11245.795,739.46
2003-02-01,,,7548.6,,,,,,,
2003-03-01,,,7611.5,,,,,,,
2003-04-01,14743.567,11312.766,7634.5,1972.386,2198.793,1007.465,1527.336,50796.0,11377.023,742.624
2003-05-01,,,7650.3,,,,,,,
2003-06-01,,,7699.6,,,,,,,
2003-07-01,14988.782,11566.669,7757.0,2044.304,2220.432,1037.31,1556.304,51512.0,11565.399,785.034
2003-08-01,,,7852.1,,,,,,,
2003-09-01,,,7853.7,,,,,,,
2003-10-01,15162.76,11772.234,7867.4,2131.311,2251.164,1091.682,1615.376,51986.0,11734.357,840.165
2003-11-01,,,7922.6,,,,,,,
2003-12-01,,,7950.4,,,,,,,
2004-01-01,15248.68,11923.447,8007.1,2154.052,2286.594,1133.669,1699.644,52179.0,11916.004,954.777
2004-02-01,,,8040.4,,,,,,,
2004-03-01,,,8098.8,,,,,,,
2004-04-01,15366.85,12112.815,8107.2,2262.607,2320.682,1170.152,1787.734,52469.0,12148.492,997.169
2004-05-01,,,8176.5,,,,,,,
2004-06-01,,,8157.6,,,,,,,
2004-07-01,15512.619,12305.307,8236.9,2318.272,2356.371,1180.185,1832.856,52835.0,12376.076,1042.501
2004-08-01,,,8271.6,,,,,,,
2004-09-01,,,8341.5,,,,,,,
2004-10-01,15670.88,12527.214,8397.1,2390.082,2388.847,1221.444,1921.78,53242.0,12540.611,1045.719
2004-11-01,,,8444.5,,,,,,,
2004-12-01,,,8504.4,,,,,,,
2005-01-01,15844.727,12767.286,8497.7,2486.068,2426.138,1258.408,1955.063,53719.0,12750.057,1266.416
2005-02-01,,,8559.1,,,,,,,
2005-03-01,,,8598.4,,,,,,,
2005-04-01,15922.782,12922.656,8678.4,2476.474,2452.246,1294.853,2002.063,53868.0,12964.763,1292.727
2005-05-01,,,8671.6,,,,,,,
2005-06-01,,,8753.4,,,,,,,
2005-07-01,16047.587,13142.642,8853.8,2531.076,2494.438,1302.315,2053.275,54153.0,13180.576,1339.203
2005-08-01,,,8850.1,,,,,,,
2005-09-01,,,8900.4,,,,,,,
2005-10-01,16136.734,13324.204,8938.5,2645.263,2528.432,1350.743,2155.529,54317.0,13489.392,1407.538
2005-11-01,,,8946.2,,,,,,,
2005-12-01,,,8981.1,,,,,,,
2006-01-01,16353.835,13599.16,9071.6,2709.74,2580.086,1413.966,2204.784,54927.0,13795.893,1433.381
2006-02-01,,,9096.0,,,,,,,
2006-03-01,,,9132.9,,,,,,,
2006-04-01,16396.151,13753.424,9191.6,2709.252,2610.565,1459.767,2253.809,54945.0,13973.084,1472.804
2006-05-01,,,9231.8,,,,,,,
2006-06-01,,,9259.6,,,,,,,
2006-07-01,16420.738,13870.188,9343.8,2709.42,2630.28,1475.417,2298.702,54886.0,14125.037,1495.335
2006-08-01,,,9342.2,,,,,,,
2006-09-01,,,9375.4,,,,,,,
2006-10-01,16561.866,14039.56,9393.6,2675.406,2674.454,1531.531,2269.198,55216.0,14207.487,1452.347
2006-11-01,,,9400.2,,,,,,,
2006-12-01,,,9488.3,,,,,,,
2007-01-01,16611.69,14215.651,9538.7,2664.295,2718.491,1577.991,2317.264,55260.0,14341.982,1384.4
2007-02-01,,,9566.0,,,,,,,
2007-03-01,,,9611.7,,,,,,,
2007-04-01,16713.314,14402.082,9643.6,2699.217,2769.958,1622.764,2368.569,55474.0,14511.372,1462.488
2007-05-01,,,9685.8,,,,,,,
2007-06-01,,,9706.8,,,,,,,
2007-07-01,16809.587,14564.117,9751.1,2685.969,2808.718,1685.71,2414.664,55649.0,14465.128,1409.668
2007-08-01,,,9798.9,,,,,,,
2007-09-01,,,9845.1,,,,,,,
2007-10-01,16915.191,14715.058,9882.7,2642.56,2865.057,1750.714,2480.413,55857.0,14529.241,1432.95
2007-11-01,,,9955.9,,,,,,,
2007-12-01,,,9972.8,,,,,,,
2008-01-01,16843.003,14706.538,9996.4,2563.701,2909.64,1813.321,2584.568,55497.0,14574.086,1325.635
2008-02-01,,,9981.7,,,,,,,
2008-03-01,,,10035.3,,,,,,,
2008-04-01,16943.291,14865.701,10070.3,2540.595,2971.642,1905.282,2681.686,55705.0,14617.898,1348.013
2008-05-01,,,10132.3,,,,,,,
2008-06-01,,,10187.1,,,,,,,
2008-07-01,16854.295,14898.999,10185.1,2498.242,3029.032,1922.215,2709.569,55278.0,14711.004,1284.391
2008-08-01,,,10175.7,,,,,,,
2008-09-01,,,10116.4,,,,,,,
2008-10-01,16485.35,14608.209,10034.1,2307.915,3021.826,1700.304,2328.779,53941.0,14411.662,773.27
2008-11-01,,,9885.2,,,,,,,
2008-12-01,,,9801.5,,,,,,,
2009-01-01,16298.262,14430.902,9847.2,2014.878,3022.047,1511.768,1932.761,53221.0,14162.551,1125.916
2009-02-01,,,9824.5,,,,,,,
2009-03-01,,,9773.2,,,,,,,
2009-04-01,16269.145,14381.236,9772.5,1863.65,3070.452,1521.093,1879.461,53017.0,14188.354,1199.363
2009-05-01,,,9791.6,,,,,,,
2009-06-01,,,9852.4,,,,,,,
2009-07-01,16326.281,14448.882,9886.3,1841.416,3092.058,1594.725,2018.722,53081.0,14263.641,1382.393
2009-08-01,,,10004.1,,,,,,,
2009-09-01,,,9927.8,,,,,,,
2009-10-01,16502.754,14651.249,9976.7,1998.71,3120.796,1703.508,2176.763,53531.0,14530.841,1499.252
2009-11-01,,,9985.7,,,,,,,
2009-12-01,,,10052.6,,,,,,,
2010-01-01,16582.71,14764.61,10056.1,2038.161,3133.819,1759.877,2269.069,53683.0,14652.508,1570.962
2010-02-01,,,10093.4,,,,,,,
2010-03-01,,,10156.0,,,,,,,
2010-04-01,16743.162,14980.193,10182.3,2148.795,3165.768,1819.741,2362.255,54100.0,14865.717,1560.78
2010-05-01,,,10210.8,,,,,,,
2010-06-01,,,10231.3,,,,,,,
2010-07-01,16872.266,15141.607,10268.1,2236.495,3158.301,1877.253,2431.195,54401.0,15136.173,1646.527
2010-08-01,,,10307.1,,,,,,,
2010-09-01,,,10327.1,,,,,,,
2010-10-01,16960.864,15309.474,10386.4,2238.44,3164.317,1972.116,2495.702,54569.0,15263.709,1647.5
2010-11-01,,,10433.6,,,,,,,
2010-12-01,,,10471.0,,,,,,,
2011-01-01,16920.632,15351.448,10514.3,2205.962,3155.768,2040.407,2608.884,54341.0,15358.947,1513.837
2011-02-01,,,10540.6,,,,,,,
2011-03-01,,,10619.7,,,,,,,
2011-04-01,17035.114,15557.539,10652.1,2297.352,3168.261,2116.132,2697.224,54610.0,15573.082,1580.148
2011-05-01,,,10672.2,,,,,,,
2011-06-01,,,10694.8,,,,,,,
2011-07-01,17031.313,15647.68,10731.6,2322.84,3136.922,2156.793,2723.903,54482.0,15700.283,1592.155
2011-08-01,,,10750.3,,,,,,,
2011-09-01,,,10783.2,,,,,,,
2011-10-01,17222.583,15842.259,10802.9,2504.095,3130.765,2150.123,2751.911,54979.0,15863.772,1671.585
2011-11-01,,,10806.8,,,,,,,
2011-12-01,,,10817.8,,,,,,,
2012-01-01,17367.01,16068.805,10896.8,2567.75,3144.024,2189.981,2792.253,55342.0,16274.824,1936.487
2012-02-01,,,10987.2,,,,,,,
2012-03-01,,,10993.9,,,,,,,
2012-04-01,17444.525,16207.115,11018.5,2636.863,3130.438,2215.586,2780.827,55490.0,16379.664,1860.118
2012-05-01,,,11006.8,,,,,,,
2012-06-01,,,10989.8,,,,,,,
2012-07-01,17469.65,16319.541,11016.8,2644.119,3139.112,2227.734,2750.817,55454.0,16329.29,1878.552
2012-08-01,,,11056.0,,,,,,,
2012-09-01,,,11105.3,,,,,,,
2012-10-01,17489.852,16420.419,11137.4,2638.282,3132.308,2237.498,2753.373,55403.0,16646.696,1847.96
2012-11-01,,,11178.4,,,,,,,
2012-12-01,,,11181.2,,,,,,,
2013-01-01,17662.4,16648.189,11252.4,2746.42,3123.454,2255.929,2755.277,55859.0,16711.465,1831.269
2013-02-01,,,11290.5,,,,,,,
2013-03-01,,,11290.1,,,,,,,
2013-04-01,17709.671,16728.687,11281.1,2780.242,3131.143,2261.403,2759.783,55914.0,16848.772,1823.848
2013-05-01,,,11321.6,,,,,,,
2013-06-01,,,11344.4,,,,,,,
2013-07-01,17860.45,16953.838,11372.6,2892.354,3135.192,2285.116,2767.183,56272.0,16946.988,1862.618
2013-08-01,,,11406.6,,,,,,,
2013-09-01,,,11445.9,,,,,,,
2013-10-01,18016.147,17192.019,11498.0,2934.291,3140.517,2349.24,2783.259,56642.0,17134.661,1913.254
2013-11-01,,,11562.5,,,,,,,
2013-12-01,,,11593.2,,,,,,,
2014-01-01,17953.974,17197.738,11578.8,2922.765,3139.06,2343.602,2853.69,56345.0,17313.351,1848.159
2014-02-01,,,11636.9,,,,,,,
2014-03-01,,,11722.3,,,,,,,
2014-04-01,18185.911,17518.508,11762.3,3059.096,3154.366,2395.168,2900.572,56968.0,17652.741,1952.58
2014-05-01,,,11807.3,,,,,,,
2014-06-01,,,11861.7,,,,,,,
2014-07-01,18406.941,17804.228,11904.4,3142.047,3191.749,2399.191,2888.549,57536.0,17928.908,2011.03
2014-08-01,,,11983.7,,,,,,,
2014-09-01,,,11991.4,,,,,,,
2014-10-01,18500.031,17912.079,12064.7,3172.016,3189.253,2376.218,2906.969,57702.0,18101.313,1977.683
2014-11-01,,,12083.9,,,,,,,
2014-12-01,,,12096.1,,,,,,,
2015-01-01,18666.621,18063.529,12066.7,3282.283,3187.915,2299.045,2825.476,58121.0,18212.948,1877.034
2015-02-01,,,12116.6,,,,,,,
2015-03-01,,,12176.1,,,,,,,
2015-04-01,18782.243,18279.784,12209.1,3291.104,3234.067,2300.441,2809.968,58376.0,18381.066,1898.93
2015-05-01,,,12275.4,,,,,,,
2015-06-01,,,12307.9,,,,,,,
2015-07-01,18857.418,18401.626,12364.9,3303.66,3253.554,2260.724,2798.806,58486.0,18460.774,1842.986
2015-08-01,,,12396.2,,,,,,,
2015-09-01,,,12386.4,,,,,,,
2015-10-01,18892.206,18435.137,12394.9,3276.879,3258.142,2222.279,2745.517,58470.0,18497.179,1746.728
2015-11-01,,,12423.2,,,,,,,
2015-12-01,,,12452.0,,,,,,,
2016-01-01,19001.69,18525.933,12478.0,3244.317,3270.141,2181.957,2693.639,58704.0,18592.063,1805.898
2016-02-01,,,12554.5,,,,,,,
2016-03-01,,,12537.0,,,,,,,
2016-04-01,19062.709,18711.702,12611.5,3246.381,3289.566,2221.936,2711.306,58787.0,18630.413,1865.417
2016-05-01,,,12652.7,,,,,,,
2016-06-01,,,12731.2,,,,,,,
2016-07-01,19197.938,18892.639,12756.7,3261.571,3315.171,2270.0,2751.229,59084.0,18800.88,1857.546
2016-08-01,,,12788.1,,,,,,,
2016-09-01,,,12846.6,,,,,,,
2016-10-01,19304.352,19089.379,12867.0,3360.952,3337.245,2268.339,2799.145,59296.0,18984.656,1926.839
2016-11-01,,,12893.0,,,,,,,
2016-12-01,,,13005.9,,,,,,,
2017-01-01,19398.343,19280.084,13063.7,3363.101,3353.096,2339.728,2873.148,59494.0,19237.015,2045.666
2017-02-01,,,13088.4,,,,,,,
2017-03-01,,,13139.9,,,,,,,
2017-04-01,19506.949,19438.643,13169.2,3432.968,3370.444,2349.681,2903.18,59736.0,19405.93,2019.85
2017-05-01,,,13171.9,,,,,,,
2017-06-01,,,13225.2,,,,,,,
2017-07-01,19660.766,19692.595,13263.3,3500.142,3398.886,2384.524,2916.022,60099.0,19601.627,2061.502
2017-08-01,,,13294.6,,,,,,,
2017-09-01,,,13417.3,,,,,,,
2017-10-01,19882.352,20037.088,13447.5,3574.446,3466.137,2479.107,3034.004,60674.0,19932.229,1864.83
2017-11-01,,,13540.6,,,,,,,
2017-12-01,,,13666.1,,,,,,,
2018-01-01,20044.077,20328.553,13703.3,3645.635,3513.876,2517.268,3093.299,61093.0,20204.957,1986.985
2018-02-01,,,13738.7,,,,,,,
2018-03-01,,,13793.2,,,,,,,
2018-04-01,20150.476,20580.912,13838.4,3662.727,3570.715,2562.172,3105.995,61336.0,20470.2,2063.283
2018-05-01,,,13905.0,,,,,,,
2018-06-01,,,13930.4,,,,,,,
2018-07-01,20276.154,20798.73,13974.8,3788.692,3626.086,2535.501,3153.747,61622.0,20760.836,2014.346
2018-08-01,,,14014.0,,,,,,,
2018-09-01,,,14017.8,,,,,,,
2018-10-01,20304.874,20917.867,14083.1,3802.028,3650.847,2537.415,3171.622,61619.0,20936.314,2015.959
2018-11-01,,,14162.9,,,,,,,
2018-12-01,,,14051.6,,,,,,,
2019-01-01,20431.641,21111.6,14084.6,3850.77,3702.934,2540.244,3132.539,61939.0,21211.258,2045.14
2019-02-01,,,14117.4,,,,,,,
2019-03-01,,,14248.6,,,,,,,
2019-04-01,20602.275,21397.938,14290.0,3903.996,3761.243,2547.448,3165.41,62385.0,21369.395,2059.292
2019-05-01,,,14353.3,,,,,,,
2019-06-01,,,14408.7,,,,,,,
2019-07-01,20843.322,21717.171,14496.0,3939.599,3814.837,2532.405,3117.952,63022.0,21557.692,2087.795
2019-08-01,,,14558.2,,,,,,,
2019-09-01,,,14590.6,,,,,,,
2019-10-01,20985.448,21933.217,14617.4,3880.57,3864.968,2537.466,3050.824,63360.0,21793.424,2120.925
2019-11-01,,,14711.0,,,,,,,
2019-12-01,,,14774.8,,,,,,,
2020-01-01,20693.238,21727.657,14844.3,3801.997,3943.012,2416.181,2929.759,62415.0,21760.154,2023.162
2020-02-01,,,14833.8,,,,,,,
2020-03-01,,,13810.5,,,,,,,
2020-04-01,19056.617,19935.444,12234.4,3270.358,4025.974,1814.401,2350.926,57440.0,19789.939,1871.838
2020-05-01,,,13251.7,,,,,,,
2020-06-01,,,14040.8,,,,,,,
2020-07-01,20548.793,21684.551,14303.8,3901.347,4001.57,2105.083,2801.482,61906.0,21261.97,2553.784
2020-08-01,,,14454.9,,,,,,,
2020-09-01,,,14675.4,,,,,,,
2020-10-01,20771.691,22068.767,14726.0,4046.349,4027.995,2268.891,3027.199,62544.0,22173.83,2398.03
2020-11-01,,,14704.9,,,,,,,
2020-12-01,,,14827.3,,,,,,,
2021-01-01,21058.379,22656.793,15081.5,4045.497,4147.626,2381.224,3176.982,63418.0,22686.561,2716.546
2021-02-01,,,14984.4,,,,,,,
2021-03-01,,,15712.4,,,,,,,
2021-04-01,21389.005,23368.861,15915.0,4017.581,4170.015,2505.032,3340.114,64383.0,23338.862,2996.334
2021-05-01,,,15950.5,,,,,,,
2021-06-01,,,16183.6,,,,,,,
2021-07-01,21571.421,23921.991,16223.5,4232.825,4213.97,2570.103,3458.783,64850.0,23947.672,2952.754
2021-08-01,,,16390.6,,,,,,,
2021-09-01,,,16477.5,,,,,,,
2021-10-01,21960.388,24777.038,16694.0,4599.184,4282.318,2765.36,3685.956,65925.0,24745.215,2886.711
2021-11-01,,,16849.0,,,,,,,
2021-12-01,,,16905.5,,,,,,,
2022-01-01,21903.85,25215.491,17017.8,4784.82,4332.61,2848.698,3925.742,65684.0,25355.214,2898.216
2022-02-01,,,17136.1,,,,,,,
2022-03-01,,,17371.4,,,,,,,
2022-04-01,21919.222,25805.791,17493.8,4786.542,4437.609,3071.551,4093.663,65631.0,25912.65,3084.126
2022-05-01,,,17569.9,,,,,,,
2022-06-01,,,17747.6,,,,,,,
2022-07-01,22066.784,26272.011,17744.0,4801.624,4480.05,3102.55,3988.447,65939.0,26454.67,2985.393
2022-08-01,,,17897.5,,,,,,,
2022-09-01,,,17987.2,,,,,,,
2022-10-01,22249.459,26734.277,18096.2,4911.9,4564.792,3046.718,3897.402,66341.0,26607.38,2834.572
2022-11-01,,,18094.0,,,,,,,
2022-12-01,,,18134.6,,,,,,,
2023-01-01,22403.435,27164.359,18475.2,4847.21,4624.586,3060.562,3874.21,66673.0,26964.49,2931.223
2023-02-01,,,18532.1,,,,,,,
2023-03-01,,,18511.3,,,,,,,
2023-04-01,22539.418,27453.815,18638.7,4925.665,4645.905,2995.524,3799.003,66945.0,27229.296,2989.192
2023-05-01,,,18676.4,,,,,,,
2023-06-01,,,18742.1,,,,,,,
2023-07-01,22780.933,27967.697,18850.5,5063.353,4756.448,3062.041,3843.132,67499.0,27627.915,3114.986
2023-08-01,,,18911.6,,,,,,,
2023-09-01,,,19024.9,,,,,,,
2023-10-01,22960.6,28296.967,19069.5,5102.814,4815.15,3091.748,3882.899,67858.0,28082.659,3239.649
2023-11-01,,,19151.0,,,,,,,
2023-12-01,,,19289.9,,,,,,,
2024-01-01,23053.545,28624.069,19308.5,5159.903,4880.96,3125.421,3966.989,67981.0,28499.212,3314.945
2024-02-01,,,19412.7,,,,,,,
2024-03-01,,,19553.2,,,,,,,
2024-04-01,23223.906,29016.714,19603.3,5297.844,4943.041,3154.321,4061.192,68320.0,28821.879,3413.018
2024-05-01,,,19697.3,,,,,,,
2024-06-01,,,19747.5,,,,,,,
2024-07-01,23400.294,29374.914,19866.3,5345.165,5035.008,3220.292,4163.975,68696.0,29111.44,3402.982
2024-08-01,,,19905.0,,,,,,,
2024-09-01,,,20044.1,,,,,,,
2024-10-01,23530.909,29700.58,20134.5,5288.769,5096.612,3215.602,4158.816,68972.0,,
2024-11-01,,,20253.6,,,,,,,
2024-12-01,,,20387.2,,,,,,,
