,CPI_All_Items,Core_CPI,PPI,PCE_Price_Index,Core_PCE,Import_Price_Index,Export_Price_Index,GDP_Deflator,Wage_Growth,Trimmed_Mean_PCE
1913-01-01,,,12.1,,,,,,,
1913-02-01,,,12.0,,,,,,,
1913-03-01,,,12.0,,,,,,,
1913-04-01,,,12.0,,,,,,,
1913-05-01,,,11.9,,,,,,,
1913-06-01,,,11.9,,,,,,,
1913-07-01,,,12.0,,,,,,,
1913-08-01,,,12.0,,,,,,,
1913-09-01,,,12.2,,,,,,,
1913-10-01,,,12.2,,,,,,,
1913-11-01,,,12.1,,,,,,,
1913-12-01,,,11.9,,,,,,,
1914-01-01,,,11.8,,,,,,,
1914-02-01,,,11.8,,,,,,,
1914-03-01,,,11.7,,,,,,,
1914-04-01,,,11.7,,,,,,,
1914-05-01,,,11.6,,,,,,,
1914-06-01,,,11.6,,,,,,,
1914-07-01,,,11.6,,,,,,,
1914-08-01,,,12.0,,,,,,,
1914-09-01,,,12.1,,,,,,,
1914-10-01,,,11.7,,,,,,,
1914-11-01,,,11.7,,,,,,,
1914-12-01,,,11.6,,,,,,,
1915-01-01,,,11.8,,,,,,,
1915-02-01,,,11.8,,,,,,,
1915-03-01,,,11.8,,,,,,,
1915-04-01,,,11.8,,,,,,,
1915-05-01,,,11.9,,,,,,,
1915-06-01,,,11.8,,,,,,,
1915-07-01,,,11.9,,,,,,,
1915-08-01,,,11.8,,,,,,,
1915-09-01,,,11.8,,,,,,,
1915-10-01,,,12.1,,,,,,,
1915-11-01,,,12.3,,,,,,,
1915-12-01,,,12.8,,,,,,,
1916-01-01,,,13.3,,,,,,,
1916-02-01,,,13.5,,,,,,,
1916-03-01,,,13.9,,,,,,,
1916-04-01,,,14.1,,,,,,,
1916-05-01,,,14.2,,,,,,,
1916-06-01,,,14.3,,,,,,,
1916-07-01,,,14.4,,,,,,,
1916-08-01,,,14.7,,,,,,,
1916-09-01,,,15.0,,,,,,,
1916-10-01,,,15.7,,,,,,,
1916-11-01,,,16.8,,,,,,,
1916-12-01,,,17.1,,,,,,,
1917-01-01,,,17.6,,,,,,,
1917-02-01,,,18.0,,,,,,,
1917-03-01,,,18.5,,,,,,,
1917-04-01,,,19.7,,,,,,,
1917-05-01,,,20.8,,,,,,,
1917-06-01,,,21.0,,,,,,,
1917-07-01,,,21.2,,,,,,,
1917-08-01,,,21.5,,,,,,,
1917-09-01,,,21.3,,,,,,,
1917-10-01,,,21.1,,,,,,,
1917-11-01,,,21.2,,,,,,,
1917-12-01,,,21.2,,,,,,,
1918-01-01,,,21.6,,,,,,,
1918-02-01,,,21.1,,,,,,,
1918-03-01,,,21.8,,,,,,,
1918-04-01,,,22.1,,,,,,,
1918-05-01,,,22.1,,,,,,,
1918-06-01,,,22.2,,,,,,,
1918-07-01,,,22.7,,,,,,,
1918-08-01,,,23.2,,,,,,,
1918-09-01,,,23.7,,,,,,,
1918-10-01,,,23.5,,,,,,,
1918-11-01,,,23.5,,,,,,,
1918-12-01,,,23.5,,,,,,,
1919-01-01,,,23.2,,,,,,,
1919-02-01,,,22.4,,,,,,,
1919-03-01,,,22.6,,,,,,,
1919-04-01,,,22.9,,,,,,,
1919-05-01,,,23.3,,,,,,,
1919-06-01,,,23.4,,,,,,,
1919-07-01,,,24.3,,,,,,,
1919-08-01,,,24.9,,,,,,,
1919-09-01,,,24.3,,,,,,,
1919-10-01,,,24.4,,,,,,,
1919-11-01,,,24.9,,,,,,,
1919-12-01,,,26.0,,,,,,,
1920-01-01,,,27.2,,,,,,,
1920-02-01,,,27.1,,,,,,,
1920-03-01,,,27.3,,,,,,,
1920-04-01,,,28.5,,,,,,,
1920-05-01,,,28.8,,,,,,,
1920-06-01,,,28.7,,,,,,,
1920-07-01,,,28.6,,,,,,,
1920-08-01,,,27.8,,,,,,,
1920-09-01,,,26.8,,,,,,,
1920-10-01,,,24.9,,,,,,,
1920-11-01,,,23.0,,,,,,,
1920-12-01,,,20.8,,,,,,,
1921-01-01,,,19.6,,,,,,,
1921-02-01,,,18.1,,,,,,,
1921-03-01,,,17.7,,,,,,,
1921-04-01,,,17.0,,,,,,,
1921-05-01,,,16.6,,,,,,,
1921-06-01,,,16.1,,,,,,,
1921-07-01,,,16.1,,,,,,,
1921-08-01,,,16.1,,,,,,,
1921-09-01,,,16.1,,,,,,,
1921-10-01,,,16.2,,,,,,,
1921-11-01,,,16.2,,,,,,,
1921-12-01,,,16.0,,,,,,,
1922-01-01,,,15.7,,,,,,,
1922-02-01,,,16.0,,,,,,,
1922-03-01,,,16.0,,,,,,,
1922-04-01,,,16.1,,,,,,,
1922-05-01,,,16.6,,,,,,,
1922-06-01,,,16.6,,,,,,,
1922-07-01,,,17.1,,,,,,,
1922-08-01,,,17.0,,,,,,,
1922-09-01,,,17.1,,,,,,,
1922-10-01,,,17.2,,,,,,,
1922-11-01,,,17.3,,,,,,,
1922-12-01,,,17.3,,,,,,,
1923-01-01,,,17.6,,,,,,,
1923-02-01,,,17.8,,,,,,,
1923-03-01,,,18.0,,,,,,,
1923-04-01,,,17.9,,,,,,,
1923-05-01,,,17.5,,,,,,,
1923-06-01,,,17.3,,,,,,,
1923-07-01,,,17.0,,,,,,,
1923-08-01,,,16.9,,,,,,,
1923-09-01,,,17.2,,,,,,,
1923-10-01,,,17.1,,,,,,,
1923-11-01,,,17.0,,,,,,,
1923-12-01,,,16.9,,,,,,,
1924-01-01,,,17.2,,,,,,,
1924-02-01,,,17.2,,,,,,,
1924-03-01,,,17.0,,,,,,,
1924-04-01,,,16.7,,,,,,,
1924-05-01,,,16.5,,,,,,,
1924-06-01,,,16.4,,,,,,,
1924-07-01,,,16.5,,,,,,,
1924-08-01,,,16.7,,,,,,,
1924-09-01,,,16.7,,,,,,,
1924-10-01,,,16.9,,,,,,,
1924-11-01,,,17.1,,,,,,,
1924-12-01,,,17.5,,,,,,,
1925-01-01,,,17.7,,,,,,,
1925-02-01,,,17.9,,,,,,,
1925-03-01,,,17.9,,,,,,,
1925-04-01,,,17.5,,,,,,,
1925-05-01,,,17.5,,,,,,,
1925-06-01,,,17.7,,,,,,,
1925-07-01,,,18.0,,,,,,,
1925-08-01,,,17.9,,,,,,,
1925-09-01,,,17.8,,,,,,,
1925-10-01,,,17.8,,,,,,,
1925-11-01,,,18.0,,,,,,,
1925-12-01,,,17.8,,,,,,,
1926-01-01,,,17.8,,,,,,,
1926-02-01,,,17.6,,,,,,,
1926-03-01,,,17.3,,,,,,,
1926-04-01,,,17.3,,,,,,,
1926-05-01,,,17.3,,,,,,,
1926-06-01,,,17.3,,,,,,,
1926-07-01,,,17.1,,,,,,,
1926-08-01,,,17.1,,,,,,,
1926-09-01,,,17.2,,,,,,,
1926-10-01,,,17.1,,,,,,,
1926-11-01,,,17.0,,,,,,,
1926-12-01,,,16.9,,,,,,,
1927-01-01,,,16.4,,,,,,,
1927-02-01,,,16.6,,,,,,,
1927-03-01,,,16.5,,,,,,,
1927-04-01,,,16.3,,,,,,,
1927-05-01,,,16.2,,,,,,,
1927-06-01,,,16.2,,,,,,,
1927-07-01,,,16.2,,,,,,,
1927-08-01,,,16.4,,,,,,,
1927-09-01,,,16.6,,,,,,,
1927-10-01,,,16.7,,,,,,,
1927-11-01,,,16.6,,,,,,,
1927-12-01,,,16.6,,,,,,,
1928-01-01,,,16.6,,,,,,,
1928-02-01,,,16.5,,,,,,,
1928-03-01,,,16.5,,,,,,,
1928-04-01,,,16.7,,,,,,,
1928-05-01,,,16.8,,,,,,,
1928-06-01,,,16.7,,,,,,,
1928-07-01,,,16.8,,,,,,,
1928-08-01,,,16.8,,,,,,,
1928-09-01,,,17.0,,,,,,,
1928-10-01,,,16.7,,,,,,,
1928-11-01,,,16.5,,,,,,,
1928-12-01,,,16.5,,,,,,,
1929-01-01,,,16.5,,,,,,,
1929-02-01,,,16.4,,,,,,,
1929-03-01,,,16.6,,,,,,,
1929-04-01,,,16.5,,,,,,,
1929-05-01,,,16.3,,,,,,,
1929-06-01,,,16.4,,,,,,,
1929-07-01,,,16.6,,,,,,,
1929-08-01,,,16.6,,,,,,,
1929-09-01,,,16.6,,,,,,,
1929-10-01,,,16.4,,,,,,,
1929-11-01,,,16.1,,,,,,,
1929-12-01,,,16.1,,,,,,,
1930-01-01,,,15.9,,,,,,,
1930-02-01,,,15.7,,,,,,,
1930-03-01,,,15.5,,,,,,,
1930-04-01,,,15.5,,,,,,,
1930-05-01,,,15.3,,,,,,,
1930-06-01,,,15.0,,,,,,,
1930-07-01,,,14.5,,,,,,,
1930-08-01,,,14.5,,,,,,,
1930-09-01,,,14.5,,,,,,,
1930-10-01,,,14.3,,,,,,,
1930-11-01,,,14.0,,,,,,,
1930-12-01,,,13.7,,,,,,,
1931-01-01,,,13.5,,,,,,,
1931-02-01,,,13.2,,,,,,,
1931-03-01,,,13.1,,,,,,,
1931-04-01,,,12.9,,,,,,,
1931-05-01,,,12.6,,,,,,,
1931-06-01,,,12.4,,,,,,,
1931-07-01,,,12.4,,,,,,,
1931-08-01,,,12.4,,,,,,,
1931-09-01,,,12.3,,,,,,,
1931-10-01,,,12.1,,,,,,,
1931-11-01,,,12.1,,,,,,,
1931-12-01,,,11.8,,,,,,,
1932-01-01,,,11.6,,,,,,,
1932-02-01,,,11.4,,,,,,,
1932-03-01,,,11.4,,,,,,,
1932-04-01,,,11.3,,,,,,,
1932-05-01,,,11.1,,,,,,,
1932-06-01,,,11.0,,,,,,,
1932-07-01,,,11.1,,,,,,,
1932-08-01,,,11.2,,,,,,,
1932-09-01,,,11.3,,,,,,,
1932-10-01,,,11.1,,,,,,,
1932-11-01,,,11.0,,,,,,,
1932-12-01,,,10.8,,,,,,,
1933-01-01,,,10.5,,,,,,,
1933-02-01,,,10.3,,,,,,,
1933-03-01,,,10.4,,,,,,,
1933-04-01,,,10.4,,,,,,,
1933-05-01,,,10.8,,,,,,,
1933-06-01,,,11.2,,,,,,,
1933-07-01,,,11.9,,,,,,,
1933-08-01,,,12.0,,,,,,,
1933-09-01,,,12.2,,,,,,,
1933-10-01,,,12.3,,,,,,,
1933-11-01,,,12.3,,,,,,,
1933-12-01,,,12.2,,,,,,,
1934-01-01,,,12.4,,,,,,,
1934-02-01,,,12.7,,,,,,,
1934-03-01,,,12.7,,,,,,,
1934-04-01,,,12.7,,,,,,,
1934-05-01,,,12.7,,,,,,,
1934-06-01,,,12.9,,,,,,,
1934-07-01,,,12.9,,,,,,,
1934-08-01,,,13.2,,,,,,,
1934-09-01,,,13.4,,,,,,,
1934-10-01,,,13.2,,,,,,,
1934-11-01,,,13.2,,,,,,,
1934-12-01,,,13.3,,,,,,,
1935-01-01,,,13.6,,,,,,,
1935-02-01,,,13.7,,,,,,,
1935-03-01,,,13.7,,,,,,,
1935-04-01,,,13.8,,,,,,,
1935-05-01,,,13.8,,,,,,,
1935-06-01,,,13.8,,,,,,,
1935-07-01,,,13.7,,,,,,,
1935-08-01,,,13.9,,,,,,,
1935-09-01,,,13.9,,,,,,,
1935-10-01,,,13.9,,,,,,,
1935-11-01,,,13.9,,,,,,,
1935-12-01,,,14.0,,,,,,,
1936-01-01,,,13.9,,,,,,,
1936-02-01,,,13.9,,,,,,,
1936-03-01,,,13.7,,,,,,,
1936-04-01,,,13.7,,,,,,,
1936-05-01,,,13.5,,,,,,,
1936-06-01,,,13.7,,,,,,,
1936-07-01,,,13.9,,,,,,,
1936-08-01,,,14.0,,,,,,,
1936-09-01,,,14.0,,,,,,,
1936-10-01,,,14.0,,,,,,,
1936-11-01,,,14.2,,,,,,,
1936-12-01,,,14.5,,,,,,,
1937-01-01,,,14.8,,,,,,,
1937-02-01,,,14.9,,,,,,,
1937-03-01,,,15.1,,,,,,,
1937-04-01,,,15.2,,,,,,,
1937-05-01,,,15.1,,,,,,,
1937-06-01,,,15.0,,,,,,,
1937-07-01,,,15.2,,,,,,,
1937-08-01,,,15.1,,,,,,,
1937-09-01,,,15.1,,,,,,,
1937-10-01,,,14.7,,,,,,,
1937-11-01,,,14.4,,,,,,,
1937-12-01,,,14.1,,,,,,,
1938-01-01,,,14.0,,,,,,,
1938-02-01,,,13.8,,,,,,,
1938-03-01,,,13.7,,,,,,,
1938-04-01,,,13.5,,,,,,,
1938-05-01,,,13.5,,,,,,,
1938-06-01,,,13.5,,,,,,,
1938-07-01,,,13.6,,,,,,,
1938-08-01,,,13.4,,,,,,,
1938-09-01,,,13.5,,,,,,,
1938-10-01,,,13.4,,,,,,,
1938-11-01,,,13.4,,,,,,,
1938-12-01,,,13.3,,,,,,,
1939-01-01,,,13.3,,,,,,,
1939-02-01,,,13.3,,,,,,,
1939-03-01,,,13.2,,,,,,,
1939-04-01,,,13.1,,,,,,,
1939-05-01,,,13.1,,,,,,,
1939-06-01,,,13.0,,,,,,,
1939-07-01,,,13.0,,,,,,,
1939-08-01,,,12.9,,,,,,,
1939-09-01,,,13.6,,,,,,,
1939-10-01,,,13.7,,,,,,,
1939-11-01,,,13.6,,,,,,,
1939-12-01,,,13.7,,,,,,,
1940-01-01,,,13.7,,,,,,,
1940-02-01,,,13.6,,,,,,,
1940-03-01,,,13.5,,,,,,,
1940-04-01,,,13.5,,,,,,,
1940-05-01,,,13.5,,,,,,,
1940-06-01,,,13.4,,,,,,,
1940-07-01,,,13.4,,,,,,,
1940-08-01,,,13.4,,,,,,,
1940-09-01,,,13.4,,,,,,,
1940-10-01,,,13.6,,,,,,,
1940-11-01,,,13.7,,,,,,,
1940-12-01,,,13.8,,,,,,,
1941-01-01,,,13.9,,,,,,,
1941-02-01,,,13.9,,,,,,,
1941-03-01,,,14.0,,,,,,,
1941-04-01,,,14.4,,,,,,,
1941-05-01,,,14.6,,,,,,,
1941-06-01,,,15.0,,,,,,,
1941-07-01,,,15.3,,,,,,,
1941-08-01,,,15.6,,,,,,,
1941-09-01,,,15.8,,,,,,,
1941-10-01,,,15.9,,,,,,,
1941-11-01,,,15.9,,,,,,,
1941-12-01,,,16.2,,,,,,,
1942-01-01,,,16.5,,,,,,,
1942-02-01,,,16.7,,,,,,,
1942-03-01,,,16.8,,,,,,,
1942-04-01,,,17.0,,,,,,,
1942-05-01,,,17.0,,,,,,,
1942-06-01,,,17.0,,,,,,,
1942-07-01,,,17.0,,,,,,,
1942-08-01,,,17.1,,,,,,,
1942-09-01,,,17.2,,,,,,,
1942-10-01,,,17.2,,,,,,,
1942-11-01,,,17.3,,,,,,,
1942-12-01,,,17.4,,,,,,,
1943-01-01,,,17.5,,,,,,,
1943-02-01,,,17.7,,,,,,,
1943-03-01,,,17.8,,,,,,,
1943-04-01,,,17.9,,,,,,,
1943-05-01,,,17.9,,,,,,,
1943-06-01,,,17.9,,,,,,,
1943-07-01,,,17.8,,,,,,,
1943-08-01,,,17.8,,,,,,,
1943-09-01,,,17.8,,,,,,,
1943-10-01,,,17.8,,,,,,,
1943-11-01,,,17.7,,,,,,,
1943-12-01,,,17.8,,,,,,,
1944-01-01,,,17.8,,,,,,,
1944-02-01,,,17.8,,,,,,,
1944-03-01,,,17.9,,,,,,,
1944-04-01,,,17.9,,,,,,,
1944-05-01,,,17.9,,,,,,,
1944-06-01,,,18.0,,,,,,,
1944-07-01,,,17.9,,,,,,,
1944-08-01,,,17.9,,,,,,,
1944-09-01,,,17.9,,,,,,,
1944-10-01,,,17.9,,,,,,,
1944-11-01,,,18.0,,,,,,,
1944-12-01,,,18.0,,,,,,,
1945-01-01,,,18.1,,,,,,,
1945-02-01,,,18.1,,,,,,,
1945-03-01,,,18.1,,,,,,,
1945-04-01,,,18.2,,,,,,,
1945-05-01,,,18.3,,,,,,,
1945-06-01,,,18.3,,,,,,,
1945-07-01,,,18.3,,,,,,,
1945-08-01,,,18.2,,,,,,,
1945-09-01,,,18.1,,,,,,,
1945-10-01,,,18.2,,,,,,,
1945-11-01,,,18.4,,,,,,,
1945-12-01,,,18.4,,,,,,,
1946-01-01,,,18.4,,,,,,,
1946-02-01,,,18.5,,,,,,,
1946-03-01,,,18.8,,,,,,,
1946-04-01,,,19.0,,,,,,,
1946-05-01,,,19.1,,,,,,,
1946-06-01,,,19.4,,,,,,,
1946-07-01,,,21.5,,,,,,,
1946-08-01,,,22.2,,,,,,,
1946-09-01,,,21.4,,,,,,,
1946-10-01,,,23.1,,,,,,,
1946-11-01,,,24.1,,,,,,,
1946-12-01,,,24.3,,,,,,,
1947-01-01,21.48,,24.5,,,,,11.141,,
1947-02-01,21.62,,24.7,,,,,,,
1947-03-01,22.0,,25.3,,,,,,,
1947-04-01,22.0,,25.1,,,,,11.299,,
1947-05-01,21.95,,25.0,,,,,,,
1947-06-01,22.08,,25.0,,,,,,,
1947-07-01,22.23,,25.3,,,,,11.489,,
1947-08-01,22.4,,25.6,,,,,,,
1947-09-01,22.84,,26.1,,,,,,,
1947-10-01,22.91,,26.4,,,,,11.772,,
1947-11-01,23.06,,26.7,,,,,,,
1947-12-01,23.41,,27.2,,,,,,,
1948-01-01,23.68,,27.7,,,,,11.865,,
1948-02-01,23.67,,27.2,,,,,,,
1948-03-01,23.5,,27.2,,,,,,,
1948-04-01,23.82,,27.4,,,,,11.972,,
1948-05-01,24.01,,27.5,,,,,,,
1948-06-01,24.15,,27.7,,,,,,,
1948-07-01,24.4,,28.0,,,,,12.193,,
1948-08-01,24.43,,28.2,,,,,,,
1948-09-01,24.36,,28.1,,,,,,,
1948-10-01,24.31,,27.8,,,,,12.23,,
1948-11-01,24.16,,27.8,,,,,,,
1948-12-01,24.05,,27.6,,,,,,,
1949-01-01,24.01,,27.3,,,,,12.165,,
1949-02-01,23.91,,26.8,,,,,,,
1949-03-01,23.91,,26.8,,,,,,,
1949-04-01,23.92,,26.5,,,,,12.043,,
1949-05-01,23.91,,26.3,,,,,,,
1949-06-01,23.92,,26.0,,,,,,,
1949-07-01,23.7,,26.0,,,,,11.988,,
1949-08-01,23.7,,26.0,,,,,,,
1949-09-01,23.75,,26.1,,,,,,,
1949-10-01,23.67,,26.0,,,,,11.989,,
1949-11-01,23.7,,26.0,,,,,,,
1949-12-01,23.61,,25.9,,,,,,,
1950-01-01,23.51,,25.9,,,,,11.97,,
1950-02-01,23.61,,26.1,,,,,,,
1950-03-01,23.64,,26.1,,,,,,,
1950-04-01,23.65,,26.1,,,,,12.011,,
1950-05-01,23.77,,26.4,,,,,,,
1950-06-01,23.88,,26.6,,,,,,,
1950-07-01,24.07,,27.3,,,,,12.272,,
1950-08-01,24.2,,27.9,,,,,,,
1950-09-01,24.34,,28.4,,,,,,,
1950-10-01,24.5,,28.6,,,,,12.502,,
1950-11-01,24.6,,29.0,,,,,,,
1950-12-01,24.98,,29.7,,,,,,,
1951-01-01,25.38,,30.5,,,,,12.953,,
1951-02-01,25.83,,30.9,,,,,,,
1951-03-01,25.88,,30.9,,,,,,,
1951-04-01,25.92,,30.8,,,,,13.039,,
1951-05-01,25.99,,30.7,,,,,,,
1951-06-01,25.93,,30.5,,,,,,,
1951-07-01,25.91,,30.3,,,,,13.047,,
1951-08-01,25.86,,30.1,,,,,,,
1951-09-01,26.03,,30.1,,,,,,,
1951-10-01,26.16,,30.1,,,,,13.196,,
1951-11-01,26.32,,30.1,,,,,,,
1951-12-01,26.47,,30.1,,,,,,,
1952-01-01,26.45,,30.0,,,,,13.19,,
1952-02-01,26.41,,29.8,,,,,,,
1952-03-01,26.39,,29.8,,,,,,,
1952-04-01,26.46,,29.6,,,,,13.206,,
1952-05-01,26.47,,29.6,,,,,,,
1952-06-01,26.53,,29.5,,,,,,,
1952-07-01,26.68,,29.6,,,,,13.354,,
1952-08-01,26.69,,29.8,,,,,,,
1952-09-01,26.63,,29.6,,,,,,,
1952-10-01,26.69,,29.5,,,,,13.39,,
1952-11-01,26.69,,29.3,,,,,,,
1952-12-01,26.71,,29.1,,,,,,,
1953-01-01,26.64,,29.1,,,,,13.393,,
1953-02-01,26.59,,29.1,,,,,,,
1953-03-01,26.63,,29.2,,,,,,,
1953-04-01,26.69,,29.0,,,,,13.42,,
1953-05-01,26.7,,29.1,,,,,,,
1953-06-01,26.77,,29.0,,,,,,,
1953-07-01,26.79,,29.4,,,,,13.476,,
1953-08-01,26.85,,29.3,,,,,,,
1953-09-01,26.89,,29.4,,,,,,,
1953-10-01,26.95,,29.2,,,,,13.501,,
1953-11-01,26.85,,29.1,,,,,,,
1953-12-01,26.87,,29.2,,,,,,,
1954-01-01,26.94,,29.4,,,,,13.544,,
1954-02-01,26.99,,29.3,,,,,,,
1954-03-01,26.93,,29.3,,,,,,,
1954-04-01,26.86,,29.4,,,,,13.556,,
1954-05-01,26.93,,29.4,,,,,,,
1954-06-01,26.94,,29.2,,,,,,,
1954-07-01,26.86,,29.3,,,,,13.574,,
1954-08-01,26.85,,29.3,,,,,,,
1954-09-01,26.81,,29.2,,,,,,,
1954-10-01,26.72,,29.1,,,,,13.611,,
1954-11-01,26.78,,29.2,,,,,,,
1954-12-01,26.77,,29.0,,,,,,,
1955-01-01,26.77,,29.2,,,,,13.675,,
1955-02-01,26.82,,29.3,,,,,,,
1955-03-01,26.79,,29.2,,,,,,,
1955-04-01,26.79,,29.3,,,,,13.731,,
1955-05-01,26.77,,29.1,,,,,,,
1955-06-01,26.71,,29.3,,,,,,,
1955-07-01,26.76,,29.3,,,,,13.827,,
1955-08-01,26.72,,29.4,,,,,,,
1955-09-01,26.85,,29.6,,,,,,,
1955-10-01,26.82,,29.6,,,,,13.964,,
1955-11-01,26.88,,29.5,,,,,,,
1955-12-01,26.87,,29.5,,,,,,,
1956-01-01,26.83,,29.7,,,,,14.104,,
1956-02-01,26.86,,29.8,,,,,,,
1956-03-01,26.89,,29.9,,,,,,,
1956-04-01,26.93,,30.1,,,,,14.187,,
1956-05-01,27.03,,30.3,,,,,,,
1956-06-01,27.15,,30.3,,,,,,,
1956-07-01,27.29,,30.2,,,,,14.365,,
1956-08-01,27.31,,30.4,,,,,,,
1956-09-01,27.35,,30.6,,,,,,,
1956-10-01,27.51,,30.6,,,,,14.423,,
1956-11-01,27.51,,30.7,,,,,,,
1956-12-01,27.63,,30.8,,,,,,,
1957-01-01,27.67,28.5,31.0,,,,,14.621,,
1957-02-01,27.8,28.6,31.0,,,,,,,
1957-03-01,27.86,28.7,31.0,,,,,,,
1957-04-01,27.93,28.8,31.1,,,,,14.723,,
1957-05-01,28.0,28.8,31.0,,,,,,,
1957-06-01,28.11,28.9,31.1,,,,,,,
1957-07-01,28.19,29.0,31.3,,,,,14.811,,
1957-08-01,28.28,29.0,31.4,,,,,,,
1957-09-01,28.32,29.1,31.3,,,,,,,
1957-10-01,28.32,29.2,31.2,,,,,14.821,,
1957-11-01,28.41,29.3,31.3,,,,,,,
1957-12-01,28.47,29.3,31.4,,,,,,,
1958-01-01,28.64,29.3,31.5,,,,,14.982,,
1958-02-01,28.7,29.4,31.5,,,,,,,
1958-03-01,28.87,29.5,31.7,,,,,,,
1958-04-01,28.94,29.5,31.6,,,,,15.025,,
1958-05-01,28.94,29.5,31.7,,,,,,,
1958-06-01,28.91,29.6,31.6,,,,,,,
1958-07-01,28.89,29.6,31.6,,,,,15.117,,
1958-08-01,28.94,29.6,31.6,,,,,,,
1958-09-01,28.91,29.7,31.6,,,,,,,
1958-10-01,28.91,29.7,31.5,,,,,15.189,,
1958-11-01,28.95,29.8,31.6,,,,,,,
1958-12-01,28.97,29.9,31.6,,,,,,,
1959-01-01,29.01,29.9,31.7,15.164,15.501,,,15.224,,
1959-02-01,29.0,29.9,31.7,15.179,15.513,,,,,
1959-03-01,28.97,30.0,31.7,15.189,15.531,,,,,
1959-04-01,28.98,30.0,31.8,15.219,15.57,,,15.248,,
1959-05-01,29.04,30.1,31.8,15.227,15.589,,,,,
1959-06-01,29.11,30.2,31.7,15.271,15.635,,,,,
1959-07-01,29.15,30.2,31.7,15.303,15.672,,,15.307,,
1959-08-01,29.18,30.2,31.6,15.325,15.697,,,,,
1959-09-01,29.25,30.3,31.7,15.365,15.738,,,,,
1959-10-01,29.35,30.4,31.6,15.402,15.765,,,15.367,,
1959-11-01,29.35,30.4,31.5,15.412,15.794,,,,,
1959-12-01,29.41,30.5,31.5,15.43,15.818,,,,,
1960-01-01,29.37,30.5,31.6,15.421,15.822,,,15.428,,
1960-02-01,29.41,30.6,31.6,15.437,15.852,,,,,
1960-03-01,29.41,30.6,31.8,15.446,15.853,,,,,
1960-04-01,29.54,30.6,31.8,15.502,15.882,,,15.467,,
1960-05-01,29.57,30.6,31.7,15.518,15.908,,,,,
1960-06-01,29.61,30.7,31.7,15.525,15.917,,,,,
1960-07-01,29.55,30.6,31.7,15.553,15.945,,,15.52,,
1960-08-01,29.61,30.6,31.6,15.579,15.968,,,,,
1960-09-01,29.61,30.6,31.6,15.588,15.981,,,,,
1960-10-01,29.75,30.8,31.7,15.606,15.99,,,15.566,,
1960-11-01,29.78,30.8,31.7,15.659,16.033,,,,,
1960-12-01,29.81,30.7,31.7,15.662,16.028,,,,,
1961-01-01,29.84,30.8,31.8,15.665,16.032,,,15.6,,
1961-02-01,29.84,30.8,31.8,15.679,16.048,,,,,
1961-03-01,29.84,30.9,31.8,15.67,16.053,,,,,
1961-04-01,29.81,30.9,31.6,15.661,16.075,,,15.636,,
1961-05-01,29.84,30.9,31.5,15.67,16.096,,,,,
1961-06-01,29.84,31.0,31.3,15.677,16.12,,,,,
1961-07-01,29.92,31.0,31.5,15.711,16.145,,,15.676,,
1961-08-01,29.94,31.1,31.5,15.724,16.162,,,,,
1961-09-01,29.98,31.1,31.5,15.742,16.194,,,,,
1961-10-01,29.98,31.1,31.5,15.741,16.199,,,15.725,,
1961-11-01,29.98,31.2,31.5,15.742,16.202,,,,,
1961-12-01,30.01,31.2,31.6,15.746,16.216,,,,,
1962-01-01,30.04,31.2,31.7,15.776,16.235,,,15.806,,
1962-02-01,30.11,31.2,31.7,15.818,16.262,,,,,
1962-03-01,30.17,31.3,31.7,15.839,16.3,,,,,
1962-04-01,30.21,31.3,31.6,15.857,16.303,,,15.832,,
1962-05-01,30.24,31.4,31.5,15.867,16.326,,,,,
1962-06-01,30.21,31.4,31.5,15.877,16.356,,,,,
1962-07-01,30.22,31.4,31.6,15.868,16.37,,,15.865,,
1962-08-01,30.28,31.5,31.6,15.891,16.372,,,,,
1962-09-01,30.42,31.5,31.9,15.969,16.404,,,,,
1962-10-01,30.38,31.5,31.7,15.953,16.403,,,15.898,,
1962-11-01,30.38,31.5,31.7,15.964,16.415,,,,,
1962-12-01,30.38,31.6,31.6,15.958,16.42,,,,,
1963-01-01,30.44,31.5,31.6,15.997,16.451,,,15.967,,
1963-02-01,30.48,31.6,31.5,16.014,16.47,,,,,
1963-03-01,30.51,31.7,31.5,16.001,16.48,,,,,
1963-04-01,30.48,31.7,31.4,16.0,16.5,,,15.995,,
1963-05-01,30.51,31.7,31.5,16.026,16.53,,,,,
1963-06-01,30.61,31.8,31.6,16.061,16.558,,,,,
1963-07-01,30.69,31.8,31.7,16.093,16.573,,,16.016,,
1963-08-01,30.75,31.9,31.6,16.115,16.588,,,,,
1963-09-01,30.72,31.9,31.6,16.112,16.618,,,,,
1963-10-01,30.75,32.0,31.6,16.143,16.655,,,16.146,,
1963-11-01,30.78,32.0,31.7,16.166,16.67,,,,,
1963-12-01,30.88,32.1,31.6,16.19,16.694,,,,,
1964-01-01,30.94,32.2,31.8,16.224,16.717,,,16.197,,
1964-02-01,30.91,32.2,31.6,16.247,16.749,,,,,
1964-03-01,30.94,32.2,31.6,16.257,16.765,,,,,
1964-04-01,30.95,32.2,31.6,16.269,16.78,,,16.234,,
1964-05-01,30.98,32.2,31.5,16.271,16.794,,,,,
1964-06-01,31.01,32.3,31.5,16.294,16.806,,,,,
1964-07-01,31.02,32.3,31.6,16.315,16.823,,,16.299,,
1964-08-01,31.05,32.3,31.6,16.327,16.845,,,,,
1964-09-01,31.08,32.3,31.7,16.352,16.852,,,,,
1964-10-01,31.12,32.4,31.7,16.362,16.859,,,16.373,,
1964-11-01,31.21,32.5,31.7,16.385,16.883,,,,,
1964-12-01,31.25,32.5,31.7,16.409,16.907,,,,,
1965-01-01,31.28,32.6,31.8,16.427,16.93,,,16.455,,
1965-02-01,31.28,32.6,31.9,16.434,16.95,,,,,
1965-03-01,31.31,32.6,31.9,16.455,16.96,,,,,
1965-04-01,31.38,32.7,32.0,16.481,16.98,,,16.531,,
1965-05-01,31.48,32.7,32.1,16.518,17.011,,,,,
1965-06-01,31.61,32.7,32.4,16.566,17.007,,,,,
1965-07-01,31.58,32.7,32.4,16.578,17.024,,,16.595,,
1965-08-01,31.55,32.7,32.4,16.582,17.056,,,,,
1965-09-01,31.62,32.8,32.4,16.59,17.076,,,,,
1965-10-01,31.65,32.8,32.5,16.595,17.07,,,16.709,,
1965-11-01,31.75,32.9,32.6,16.623,17.102,,,,,
1965-12-01,31.85,33.0,32.8,16.683,17.154,,,,,
1966-01-01,31.88,33.0,32.9,16.703,17.159,,,16.816,,
1966-02-01,32.08,33.1,33.2,16.772,17.201,,,,,
1966-03-01,32.18,33.1,33.2,16.813,17.223,,,,,
1966-04-01,32.28,33.3,33.2,16.871,17.285,,,16.954,,
1966-05-01,32.35,33.4,33.2,16.892,17.331,,,,,
1966-06-01,32.38,33.5,33.3,16.934,17.387,,,,,
1966-07-01,32.45,33.6,33.5,16.967,17.438,,,17.118,,
1966-08-01,32.65,33.7,33.6,17.032,17.47,,,,,
1966-09-01,32.75,33.8,33.6,17.086,17.524,,,,,
1966-10-01,32.85,34.0,33.4,17.131,17.581,,,17.261,,
1966-11-01,32.88,34.0,33.3,17.156,17.625,,,,,
1966-12-01,32.92,34.1,33.3,17.192,17.679,,,,,
1967-01-01,32.9,34.2,33.4,17.193,17.695,,,17.333,,
1967-02-01,33.0,34.2,33.4,17.213,17.727,,,,,
1967-03-01,33.0,34.3,33.3,17.222,17.754,,,,,
1967-04-01,33.1,34.4,33.1,17.251,17.803,,,17.421,,
1967-05-01,33.1,34.5,33.3,17.284,17.842,,,,,
1967-06-01,33.3,34.6,33.5,17.339,17.887,,,,,
1967-07-01,33.4,34.7,33.5,17.398,17.948,,,17.588,,
1967-08-01,33.5,34.9,33.4,17.452,18.003,,,,,
1967-09-01,33.6,35.0,33.4,17.505,18.067,,,,,
1967-10-01,33.7,35.1,33.4,17.554,18.134,,,17.784,,
1967-11-01,33.9,35.2,33.4,17.612,18.192,,,,,
1967-12-01,34.0,35.4,33.7,17.64,18.237,,,,,
1968-01-01,34.1,35.5,33.8,17.722,18.318,,,17.981,,
1968-02-01,34.2,35.7,34.0,17.794,18.397,,,,,
1968-03-01,34.3,35.8,34.1,17.852,18.47,,,,,
1968-04-01,34.4,35.9,34.1,17.908,18.538,,,18.171,,
1968-05-01,34.5,36.0,34.2,17.974,18.608,,,,,
1968-06-01,34.7,36.2,34.2,18.032,18.681,,,,,
1968-07-01,34.9,36.4,34.3,18.087,18.743,,,18.349,,
1968-08-01,35.0,36.5,34.2,18.161,18.816,,,,,
1968-09-01,35.1,36.7,34.4,18.224,18.892,,,,,
1968-10-01,35.3,36.9,34.4,18.304,18.969,,,18.608,,
1968-11-01,35.4,37.1,34.5,18.366,19.041,,,,,
1968-12-01,35.6,37.2,34.6,18.404,19.098,,,,,
1969-01-01,35.7,37.3,34.8,18.476,19.17,,,18.8,,
1969-02-01,35.8,37.6,35.0,18.523,19.236,,,,,
1969-03-01,36.1,37.8,35.2,18.61,19.326,,,,,
1969-04-01,36.3,38.1,35.3,18.692,19.4,,,19.039,,
1969-05-01,36.4,38.1,35.5,18.767,19.478,,,,,
1969-06-01,36.6,38.3,35.7,18.858,19.545,,,,,
1969-07-01,36.8,38.5,35.8,18.941,19.636,,,19.307,,
1969-08-01,36.9,38.7,35.7,18.993,19.691,,,,,
1969-09-01,37.1,38.9,35.8,19.072,19.77,,,,,
1969-10-01,37.3,39.1,35.9,19.137,19.855,,,19.556,,
1969-11-01,37.5,39.2,36.1,19.22,19.931,,,,,
1969-12-01,37.7,39.4,36.3,19.308,20.005,,,,,
1970-01-01,37.9,39.6,36.5,19.377,20.071,,,19.832,,
1970-02-01,38.1,39.8,36.7,19.454,20.148,,,,,
1970-03-01,38.3,40.1,36.7,19.502,20.223,,,,,
1970-04-01,38.5,40.4,36.8,19.601,20.303,,,20.108,,
1970-05-01,38.6,40.5,36.8,19.663,20.375,,,,,
1970-06-01,38.8,40.8,36.9,19.714,20.448,,,,,
1970-07-01,38.9,40.9,37.1,19.786,20.526,,,20.273,,
1970-08-01,39.0,41.1,36.9,19.838,20.597,,,,,
1970-09-01,39.2,41.3,37.1,19.927,20.683,,,,,
1970-10-01,39.4,41.5,37.1,20.026,20.785,,,20.541,,
1970-11-01,39.6,41.8,37.1,20.105,20.892,,,,,
1970-12-01,39.8,42.0,37.1,20.194,20.997,,,,,
1971-01-01,39.9,42.1,37.3,20.237,21.08,,,20.853,,
1971-02-01,39.9,42.2,37.7,20.296,21.16,,,,,
1971-03-01,40.0,42.2,37.8,20.363,21.228,,,,,
1971-04-01,40.1,42.4,37.9,20.443,21.307,,,21.127,,
1971-05-01,40.3,42.6,38.1,20.528,21.4,,,,,
1971-06-01,40.5,42.8,38.2,20.619,21.485,,,,,
1971-07-01,40.6,42.9,38.3,20.681,21.567,,,21.342,,
1971-08-01,40.7,43.0,38.5,20.741,21.597,,,,,
1971-09-01,40.8,43.0,38.3,20.772,21.633,,,,,
1971-10-01,40.9,43.1,38.3,20.804,21.667,,,21.52,,
1971-11-01,41.0,43.2,38.3,20.847,21.716,,,,,
1971-12-01,41.1,43.3,38.6,20.929,21.784,,,,,
1972-01-01,41.2,43.5,38.8,21.015,21.877,,,21.848,,
1972-02-01,41.4,43.6,39.2,21.098,21.936,,,,,
1972-03-01,41.4,43.6,39.2,21.128,21.979,,,,,
1972-04-01,41.5,43.8,39.3,21.16,22.03,,,21.984,,
1972-05-01,41.6,43.9,39.5,21.207,22.081,,,,,
1972-06-01,41.7,44.0,39.7,21.239,22.126,,,,,
1972-07-01,41.8,44.1,40.0,21.315,22.189,,,22.194,,
1972-08-01,41.9,44.3,40.1,21.377,22.236,,,,,
1972-09-01,42.1,44.3,40.2,21.473,22.31,,,,,
1972-10-01,42.2,44.4,40.1,21.497,22.323,,,22.477,,
1972-11-01,42.4,44.4,40.3,21.561,22.382,,,,,
1972-12-01,42.5,44.6,41.1,21.63,22.449,,,,,
1973-01-01,42.7,44.6,41.6,21.695,22.463,,,22.736,,
1973-02-01,43.0,44.8,42.4,21.809,22.534,,,,,
1973-03-01,43.4,45.0,43.4,21.964,22.625,,,,,
1973-04-01,43.7,45.1,43.6,22.127,22.756,,,23.086,,
1973-05-01,43.9,45.3,44.5,22.236,22.844,,,,,
1973-06-01,44.2,45.4,45.5,22.363,22.943,,,,,
1973-07-01,44.2,45.5,44.9,22.444,23.041,,,23.535,,
1973-08-01,45.0,45.7,47.5,22.703,23.148,,,,,
1973-09-01,45.2,46.0,46.7,22.793,23.265,,,,,
1973-10-01,45.6,46.3,46.3,22.922,23.355,,,24.004,,
1973-11-01,45.9,46.5,46.5,23.11,23.468,,,,,
1973-12-01,46.3,46.7,47.4,23.3,23.598,,,,,
1974-01-01,46.8,46.9,49.0,23.523,23.714,,,24.457,,
1974-02-01,47.3,47.2,50.0,23.797,23.865,,,,,
1974-03-01,47.8,47.6,50.6,24.073,24.051,,,,,
1974-04-01,48.1,47.9,51.0,24.243,24.231,,,25.035,,
1974-05-01,48.6,48.5,51.8,24.482,24.464,,,,,
1974-06-01,49.0,49.0,52.0,24.69,24.715,,,,,
1974-07-01,49.3,49.5,54.0,24.872,24.934,,,25.769,,
1974-08-01,49.9,50.2,55.9,25.132,25.174,,,,,
1974-09-01,50.6,50.7,55.9,25.393,25.4,,,,,
1974-10-01,51.0,51.2,56.9,25.575,25.599,,,26.527,,
1974-11-01,51.5,51.6,57.4,25.767,25.786,,,,,
1974-12-01,51.9,52.0,57.3,25.971,25.968,,,,,
1975-01-01,52.3,52.3,57.4,26.132,26.119,,,27.13,,
1975-02-01,52.6,52.8,57.2,26.274,26.304,,,,,
1975-03-01,52.8,53.0,56.9,26.363,26.441,,,,,
1975-04-01,53.0,53.3,57.5,26.452,26.57,,,27.533,,
1975-05-01,53.1,53.5,57.9,26.558,26.683,,,,,
1975-06-01,53.5,53.8,58.0,26.724,26.813,,,,,
1975-07-01,54.0,54.0,58.7,26.953,26.978,,,28.019,,
1975-08-01,54.2,54.2,59.0,27.07,27.071,,,,,
1975-09-01,54.6,54.5,59.4,27.204,27.218,,,,,
1975-10-01,54.9,54.8,59.8,27.362,27.354,,,28.488,,
1975-11-01,55.3,55.2,59.5,27.538,27.535,,,,,
1975-12-01,55.6,55.5,59.7,27.69,27.702,,,,,
1976-01-01,55.8,55.9,59.9,27.795,27.844,,,28.789,,
1976-02-01,55.9,56.2,59.9,27.831,27.955,,,,,
1976-03-01,56.0,56.5,60.0,27.873,28.047,,,,,
1976-04-01,56.1,56.7,60.6,27.936,28.157,,,29.079,,
1976-05-01,56.4,57.0,60.8,28.069,28.29,,,,,
1976-06-01,56.7,57.2,61.2,28.192,28.405,,,,,
1976-07-01,57.0,57.6,61.6,28.335,28.561,,,29.455,,
1976-08-01,57.3,57.9,61.4,28.491,28.726,,,,,
1976-09-01,57.6,58.2,61.8,28.651,28.894,,,,,
1976-10-01,57.9,58.5,61.9,28.801,29.036,,,29.983,,
1976-11-01,58.1,58.7,62.0,28.932,29.168,,,,,
1976-12-01,58.4,58.9,62.5,29.094,29.326,,,,,
1977-01-01,58.7,59.3,62.8,29.263,29.505,,,30.465,,
1977-02-01,59.3,59.7,63.5,29.492,29.686,,,,,
1977-03-01,59.6,60.0,64.1,29.64,29.812,,,,,
1977-04-01,60.0,60.3,64.9,29.812,29.959,,,30.895,,
1977-05-01,60.2,60.6,65.2,29.963,30.112,,,,,
1977-06-01,60.5,61.0,65.0,30.131,30.292,,,,,
1977-07-01,60.8,61.2,65.1,30.287,30.479,,,31.271,,
1977-08-01,61.1,61.5,65.0,30.428,30.629,,,,,
1977-09-01,61.3,61.8,65.3,30.543,30.758,,,,,
1977-10-01,61.6,62.0,65.6,30.685,30.907,,,31.947,,
1977-11-01,62.0,62.3,65.8,30.861,31.067,,,,,
1977-12-01,62.3,62.7,66.2,31.011,31.227,,,,,
1978-01-01,62.7,63.1,66.8,31.194,31.414,,,32.411,,5.7
1978-02-01,63.0,63.4,67.5,31.339,31.535,,,,,5.57
1978-03-01,63.4,63.8,68.1,31.542,31.706,,,,,5.55
1978-04-01,63.9,64.3,69.0,31.781,31.911,,,33.031,,5.71
1978-05-01,64.5,64.7,69.5,32.008,32.099,,,,,5.89
1978-06-01,65.0,65.2,70.0,32.217,32.278,,,,,5.91
1978-07-01,65.5,65.6,70.4,32.393,32.468,,,33.592,,5.99
1978-08-01,65.9,66.1,70.4,32.557,32.642,,,,,6.03
1978-09-01,66.5,66.7,71.0,32.742,32.83,,,,,6.21
1978-10-01,67.1,67.2,71.8,33.003,33.071,,,34.279,,6.54
1978-11-01,67.5,67.6,72.1,33.19,33.249,,,,,6.65
1978-12-01,67.9,68.0,72.7,33.345,33.378,,,,,6.71
1979-01-01,68.5,68.5,73.8,33.597,33.549,,,34.904,,7.02
1979-02-01,69.2,69.2,74.9,33.776,33.659,,,,,7.21
1979-03-01,69.9,69.8,75.8,34.04,33.852,,,,,7.25
1979-04-01,70.6,70.3,76.9,34.395,34.165,,,35.759,,7.25
1979-05-01,71.4,70.8,77.5,34.751,34.462,,,,,7.35
1979-06-01,72.2,71.3,78.0,35.038,34.655,,,,,7.39
1979-07-01,73.0,71.9,79.2,35.305,34.829,,,36.541,,7.5
1979-08-01,73.7,72.7,79.6,35.575,35.06,,,,,7.68
1979-09-01,74.4,73.3,80.9,35.889,35.299,,,,,7.8
1979-10-01,75.2,74.0,82.1,36.182,35.557,,,37.219,,7.89
1979-11-01,76.0,74.8,82.6,36.433,35.784,,,,,7.89
1979-12-01,76.9,75.7,83.4,36.739,36.041,,,,,8.04
1980-01-01,78.0,76.7,85.2,37.124,36.315,,,38.001,,8.15
1980-02-01,79.0,77.5,86.9,37.526,36.677,,,,,8.35
1980-03-01,80.1,78.6,87.5,37.987,37.017,,,,,8.6
1980-04-01,80.9,79.5,87.8,38.185,37.207,,,38.905,,8.55
1980-05-01,81.7,80.1,88.3,38.482,37.507,,,,,8.56
1980-06-01,82.5,81.0,88.7,38.725,37.756,,,,,8.72
1980-07-01,82.6,80.8,90.3,39.026,38.021,,,39.774,,8.6
1980-08-01,83.2,81.3,91.5,39.351,38.296,,,,,8.57
1980-09-01,83.9,82.1,91.7,39.715,38.657,,,,,8.66
1980-10-01,84.7,83.0,92.8,40.033,38.975,,,40.81,,8.57
1980-11-01,85.6,83.9,93.2,40.359,39.282,,,,,8.64
1980-12-01,86.4,84.9,93.8,40.621,39.518,,,,,8.64
1981-01-01,87.2,85.4,95.2,41.011,39.861,,,41.885,,8.59
1981-02-01,88.0,85.9,96.1,41.426,40.152,,,,,8.6
1981-03-01,88.6,86.4,97.0,41.715,40.375,,,,,8.41
1981-04-01,89.1,87.0,98.0,41.897,40.633,,,42.715,,8.5
1981-05-01,89.7,87.8,98.3,42.085,40.913,,,,,8.32
1981-06-01,90.5,88.6,98.5,42.253,41.117,,,,,8.07
1981-07-01,91.5,89.8,99.0,42.508,41.365,,,43.519,,8.1
1981-08-01,92.2,90.7,99.0,42.774,41.642,,,,,8.01
1981-09-01,93.1,91.8,98.8,43.033,41.915,,,,,7.82
1981-10-01,93.4,92.1,98.9,43.228,42.165,,,44.271,,7.62
1981-11-01,93.8,92.5,98.8,43.46,42.411,,,,,7.41
1981-12-01,94.1,93.0,98.8,43.594,42.568,,,,,7.14
1982-01-01,94.4,93.3,99.7,43.853,42.829,,,44.88,,6.83
1982-02-01,94.7,93.8,99.8,43.985,42.994,,,,,6.38
1982-03-01,94.7,93.9,99.6,44.098,43.182,,,,,6.2
1982-04-01,95.0,94.7,99.6,44.12,43.353,,,45.463,,5.86
1982-05-01,95.9,95.4,99.8,44.382,43.589,,,,,5.77
1982-06-01,97.0,96.1,100.0,44.704,43.808,,,,,5.74
1982-07-01,97.5,96.7,100.4,44.969,44.092,,,46.108,,5.76
1982-08-01,97.7,97.1,100.3,45.108,44.295,,,,,5.49
1982-09-01,97.7,97.2,100.0,45.233,44.459,80.0,,,,5.13
1982-10-01,98.1,97.5,100.2,45.487,44.741,,,46.586,,5.06
1982-11-01,98.0,97.3,100.3,45.624,44.906,,,,,4.78
1982-12-01,97.7,97.2,100.5,45.693,45.049,79.9,,,,4.61
1983-01-01,97.9,97.6,100.2,45.906,45.357,,,46.938,,4.64
1983-02-01,98.0,98.0,100.5,45.984,45.525,,,,,4.57
1983-03-01,98.1,98.2,100.4,46.043,45.583,77.7,,,,4.33
1983-04-01,98.8,98.6,100.4,46.253,45.721,,,47.286,,4.47
1983-05-01,99.2,98.9,100.8,46.384,45.787,,,,,4.24
1983-06-01,99.4,99.2,101.0,46.557,46.001,77.8,,,,4.06
1983-07-01,99.8,99.8,101.3,46.82,46.311,,,47.789,,3.79
1983-08-01,100.1,100.1,101.8,47.02,46.55,,,,,3.7
1983-09-01,100.4,100.5,102.0,47.185,46.738,77.6,85.7,,,3.79
1983-10-01,100.8,101.0,102.2,47.265,46.821,,,48.151,,3.56
1983-11-01,101.1,101.5,102.1,47.332,46.93,,,,,3.67
1983-12-01,101.4,101.8,102.3,47.358,46.965,78.0,85.4,,,3.63
1984-01-01,102.1,102.5,102.9,47.564,47.121,,,48.639,,3.59
1984-02-01,102.6,102.8,103.2,47.884,47.418,,,,,3.64
1984-03-01,102.9,103.2,103.9,48.041,47.598,78.7,85.9,,,3.79
1984-04-01,103.3,103.7,104.0,48.224,47.822,,,49.055,,3.78
1984-05-01,103.5,104.1,104.1,48.285,47.933,,,,,3.7
1984-06-01,103.7,104.5,104.0,48.371,48.046,78.9,87.1,,,3.7
1984-07-01,104.1,105.0,104.2,48.544,48.253,,,49.491,,3.79
1984-08-01,104.4,105.4,103.8,48.693,48.412,,,,,3.88
1984-09-01,104.7,105.8,103.4,48.759,48.486,77.7,85.1,,,3.86
1984-10-01,105.1,106.2,103.4,48.874,48.595,,,49.861,,3.94
1984-11-01,105.3,106.4,103.7,48.943,48.698,,,,,3.77
1984-12-01,105.5,106.8,103.5,49.081,48.891,77.0,84.2,,,3.88
1985-01-01,105.7,107.1,103.4,49.326,49.165,,,50.354,,3.73
1985-02-01,106.3,107.7,103.3,49.555,49.42,,,,,3.82
1985-03-01,106.8,108.1,103.1,49.749,49.593,75.5,84.0,,,3.82
1985-04-01,107.0,108.4,103.3,49.821,49.652,,,50.678,,3.61
1985-05-01,107.2,108.8,103.5,49.939,49.823,,,,,3.7
1985-06-01,107.5,109.1,103.3,50.075,49.988,75.8,84.4,,,3.76
1985-07-01,107.7,109.4,103.2,50.198,50.134,,,50.984,,3.55
1985-08-01,107.9,109.8,102.7,50.364,50.38,,,,,3.54
1985-09-01,108.1,110.0,102.1,50.449,50.484,76.0,83.7,,,3.5
1985-10-01,108.5,110.5,102.9,50.533,50.565,,,51.269,,3.46
1985-11-01,109.0,111.1,103.4,50.68,50.689,,,,,3.62
1985-12-01,109.5,111.4,103.6,50.85,50.827,77.8,83.8,,,3.62
1986-01-01,109.9,111.9,103.2,51.084,51.101,,,51.524,,3.72
1986-02-01,109.7,112.2,101.7,51.084,51.233,,,,,3.47
1986-03-01,109.1,112.5,100.3,50.972,51.389,75.0,83.6,,,3.28
1986-04-01,108.7,112.9,99.6,50.868,51.482,,,51.719,,3.33
1986-05-01,109.0,113.1,100.0,50.961,51.57,,,,,3.26
1986-06-01,109.4,113.4,99.9,51.151,51.725,75.1,83.3,,,3.24
1986-07-01,109.5,113.8,99.4,51.164,51.819,,,51.931,,3.27
1986-08-01,109.6,114.2,99.3,51.228,51.925,,,,,3.19
1986-09-01,110.0,114.6,99.4,51.396,52.096,76.9,82.4,,,3.2
1986-10-01,110.2,115.0,99.7,51.488,52.273,,,52.214,,3.27
1986-11-01,110.4,115.3,99.8,51.58,52.384,,,,,3.2
1986-12-01,110.8,115.6,99.7,51.651,52.452,77.7,83.3,,,3.13
1987-01-01,111.4,115.9,100.5,51.894,52.578,,,52.548,,3.16
1987-02-01,111.8,116.2,101.0,52.076,52.685,,,,,3.22
1987-03-01,112.2,116.6,101.2,52.214,52.841,80.8,84.3,,,3.41
1987-04-01,112.7,117.3,101.9,52.409,53.065,,,52.912,,3.57
1987-05-01,113.0,117.7,102.6,52.542,53.214,,,,,3.66
1987-06-01,113.5,117.9,103.0,52.741,53.36,83.6,86.0,,,3.6
1987-07-01,113.8,118.3,103.5,52.863,53.498,,,53.313,,3.59
1987-08-01,114.3,118.7,103.8,53.072,53.679,,,,,3.74
1987-09-01,114.7,119.2,103.7,53.251,53.892,84.3,86.6,,,3.71
1987-10-01,115.0,119.8,104.1,53.42,54.122,,,53.738,,3.73
1987-11-01,115.4,120.1,104.2,53.521,54.235,,,,,3.72
1987-12-01,115.6,120.4,104.2,53.62,54.349,85.5,88.3,,,3.62
1988-01-01,116.0,120.9,104.6,53.828,54.606,,,54.159,,3.62
1988-02-01,116.2,121.2,104.8,53.908,54.718,,,,,3.57
1988-03-01,116.5,121.7,104.9,54.093,54.952,86.5,89.8,,,3.56
1988-04-01,117.2,122.3,105.8,54.356,55.219,,,54.686,,3.51
1988-05-01,117.5,122.7,106.5,54.514,55.407,,,,,3.49
1988-06-01,118.0,123.2,107.2,54.746,55.641,88.8,92.2,,,3.59
1988-07-01,118.5,123.6,107.9,55.012,55.868,,,55.34,,3.77
1988-08-01,119.0,124.0,108.0,55.175,56.007,,,,,3.71
1988-09-01,119.5,124.7,108.1,55.444,56.307,87.6,94.1,,,3.87
1988-10-01,119.9,125.2,108.2,55.625,56.521,,,55.818,,3.82
1988-11-01,120.3,125.6,108.3,55.754,56.676,,,,,3.87
1988-12-01,120.7,126.0,109.0,55.928,56.864,89.3,93.8,,,4.01
1989-01-01,121.2,126.5,110.5,56.215,57.152,91.1,94.9,56.4,,4.05
1989-02-01,121.6,126.9,110.8,56.402,57.297,90.6,94.6,,,4.15
1989-03-01,122.2,127.4,111.5,56.612,57.468,91.3,95.2,,,4.16
1989-04-01,123.1,127.8,112.3,56.989,57.661,92.0,95.0,57.001,,4.16
1989-05-01,123.7,128.3,113.2,57.197,57.833,92.6,95.4,,,4.24
1989-06-01,124.1,128.8,112.9,57.322,57.987,91.5,95.2,,,4.13
1989-07-01,124.5,129.2,112.8,57.459,58.136,90.5,94.7,57.417,,4.04
1989-08-01,124.5,129.5,112.0,57.466,58.217,90.0,94.0,,,3.95
1989-09-01,124.8,129.9,112.4,57.594,58.419,90.4,94.4,,,3.8
1989-10-01,125.4,130.6,112.8,57.819,58.631,90.9,94.6,57.826,,3.94
1989-11-01,125.9,131.1,112.7,57.945,58.787,91.1,94.2,,,3.92
1989-12-01,126.3,131.6,113.0,58.113,58.954,91.6,94.4,,,3.94
1990-01-01,127.5,132.1,114.9,58.553,59.181,92.5,95.2,58.45,,3.85
1990-02-01,128.0,132.7,114.4,58.811,59.468,92.7,94.6,,,3.82
1990-03-01,128.6,133.5,114.2,59.033,59.754,92.4,94.8,,,3.95
1990-04-01,128.9,134.0,114.1,59.157,59.932,91.6,95.1,59.105,,3.9
1990-05-01,129.1,134.4,114.6,59.29,60.115,91.2,95.3,,,3.8
1990-06-01,129.9,135.1,114.3,59.552,60.349,90.8,95.1,,,3.94
1990-07-01,130.5,135.8,114.5,59.699,60.501,90.5,95.3,59.611,,3.96
1990-08-01,131.6,136.6,116.5,60.096,60.753,93.3,95.4,,,4.14
1990-09-01,132.5,137.1,118.4,60.465,60.965,96.5,95.8,,,4.13
1990-10-01,133.4,137.6,120.8,60.811,61.172,99.3,96.6,60.055,,4.01
1990-11-01,133.7,138.0,120.1,60.888,61.246,98.7,96.7,,,3.88
1990-12-01,134.2,138.6,118.7,60.945,61.331,98.4,96.3,,,3.84
1991-01-01,134.7,139.5,119.0,61.177,61.637,97.0,96.8,60.643,,3.82
1991-02-01,134.8,140.2,117.2,61.208,61.807,95.0,96.7,,,3.73
1991-03-01,134.8,140.5,116.2,61.221,61.936,95.0,96.4,,,3.43
1991-04-01,135.1,140.9,116.0,61.332,62.06,94.2,96.6,61.088,,3.35
1991-05-01,135.6,141.3,116.5,61.586,62.307,94.0,96.4,,,3.45
1991-06-01,136.0,141.8,116.4,61.69,62.442,93.4,96.1,,,3.23
1991-07-01,136.2,142.3,116.1,61.787,62.632,92.8,95.7,61.566,,3.1
1991-08-01,136.6,142.9,116.2,61.931,62.804,93.1,96.0,,,2.91
1991-09-01,137.0,143.4,116.1,62.144,63.055,93.3,95.6,,,2.9
1991-10-01,137.2,143.7,116.4,62.26,63.194,94.1,96.6,61.931,,2.83
1991-11-01,137.8,144.2,116.4,62.397,63.312,94.5,96.7,,,2.97
1991-12-01,138.2,144.7,115.9,62.553,63.468,94.3,95.7,,,3.0
1992-01-01,138.3,145.1,115.6,62.638,63.641,94.0,95.7,62.161,,2.88
1992-02-01,138.6,145.4,116.0,62.797,63.814,94.0,96.3,,,2.9
1992-03-01,139.1,145.9,116.1,62.949,63.973,93.9,96.2,,,2.99
1992-04-01,139.4,146.3,116.3,63.119,64.183,93.6,96.4,62.535,,2.94
1992-05-01,139.7,146.8,117.2,63.203,64.273,94.0,96.7,,,2.8
1992-06-01,140.1,147.1,118.0,63.315,64.323,94.8,96.5,,,2.8
1992-07-01,140.5,147.6,117.9,63.524,64.566,95.3,96.6,62.841,,2.82
1992-08-01,140.8,147.9,117.7,63.609,64.625,95.7,96.3,,,2.75
1992-09-01,141.1,148.1,118.0,63.713,64.73,95.9,96.6,,,2.61
1992-10-01,141.7,148.8,118.1,63.938,64.979,96.6,96.3,63.273,,2.64
1992-11-01,142.1,149.2,117.8,64.064,65.121,96.0,96.2,,,2.61
1992-12-01,142.3,149.6,117.6,64.176,65.242,94.4,96.3,,,2.5
1993-01-01,142.8,150.1,118.0,64.332,65.432,94.3,96.4,63.628,,2.5
1993-02-01,143.1,150.6,118.4,64.429,65.557,94.2,96.7,,,2.51
1993-03-01,143.3,150.8,118.7,64.561,65.7,94.7,96.6,,,2.45
1993-04-01,143.8,151.4,119.3,64.733,65.891,95.2,96.8,64.007,,2.52
1993-05-01,144.2,151.8,119.7,64.933,66.114,95.5,97.1,,,2.57
1993-06-01,144.3,152.1,119.5,64.955,66.177,95.0,96.9,,,2.54
1993-07-01,144.5,152.3,119.2,65.059,66.314,94.5,97.0,64.387,,2.5
1993-08-01,144.8,152.8,118.7,65.17,66.438,94.4,97.0,,,2.49
1993-09-01,145.0,152.9,118.7,65.238,66.538,94.5,96.9,,,2.53
1993-10-01,145.6,153.4,119.1,65.443,66.647,94.9,96.9,64.738,,2.49
1993-11-01,146.0,153.9,119.0,65.567,66.819,94.4,97.0,,,2.43
1993-12-01,146.3,154.3,118.6,65.582,66.849,93.5,97.3,,,2.4
1994-01-01,146.3,154.5,119.1,65.604,66.902,93.5,98.0,65.048,,2.36
1994-02-01,146.7,154.8,119.3,65.756,67.047,93.9,98.0,,,2.35
1994-03-01,147.1,155.3,119.7,65.937,67.275,94.0,98.2,,,2.41
1994-04-01,147.2,155.5,119.7,66.015,67.376,94.7,98.2,65.362,,2.3
1994-05-01,147.5,155.9,119.9,66.111,67.526,95.5,98.5,,,2.27
1994-06-01,147.9,156.4,120.5,66.272,67.676,96.3,98.5,,,2.34
1994-07-01,148.4,156.7,120.7,66.481,67.818,97.2,98.7,65.737,,2.35
1994-08-01,149.0,157.1,121.2,66.634,67.894,97.6,98.9,,,2.34
1994-09-01,149.3,157.5,121.0,66.708,67.997,97.2,99.1,,,2.32
1994-10-01,149.4,157.8,120.9,66.821,68.157,97.9,99.7,66.093,,2.26
1994-11-01,149.8,158.2,121.5,66.948,68.282,98.5,100.4,,,2.28
1994-12-01,150.1,158.3,121.9,66.991,68.305,98.4,101.1,,,2.25
1995-01-01,150.5,159.0,122.9,67.127,68.475,98.7,101.9,66.452,,2.35
1995-02-01,150.9,159.4,123.5,67.246,68.587,99.4,102.5,,,2.29
1995-03-01,151.2,159.9,123.9,67.37,68.755,99.9,103.0,,,2.25
1995-04-01,151.8,160.4,124.6,67.547,68.915,100.9,104.0,66.771,,2.31
1995-05-01,152.1,160.7,124.9,67.651,69.032,101.8,104.3,,,2.27
1995-06-01,152.4,161.1,125.3,67.717,69.092,101.4,104.5,,,2.19
1995-07-01,152.6,161.4,125.3,67.802,69.201,101.1,104.8,67.1,,2.16
1995-08-01,152.9,161.8,125.1,67.948,69.367,100.8,104.3,,,2.21
1995-09-01,153.1,162.2,125.2,67.995,69.458,100.8,104.4,,,2.23
1995-10-01,153.5,162.7,125.3,68.171,69.627,100.4,104.5,67.423,,2.32
1995-11-01,153.7,163.0,125.4,68.169,69.672,100.6,104.5,,,2.27
1995-12-01,153.9,163.1,125.7,68.3,69.77,101.0,104.4,,,2.31
1996-01-01,154.7,163.7,126.3,68.452,69.849,101.2,104.9,67.747,,2.25
1996-02-01,155.0,164.0,126.2,68.56,69.94,101.0,104.7,,,2.25
1996-03-01,155.5,164.4,126.4,68.767,70.102,101.6,104.6,,,2.26
1996-04-01,156.1,164.6,127.4,68.973,70.197,102.5,105.2,68.028,,2.22
1996-05-01,156.4,165.0,128.1,69.092,70.319,101.8,105.6,,,2.25
1996-06-01,156.7,165.4,128.0,69.091,70.373,100.7,105.4,,,2.29
1996-07-01,157.0,165.7,128.0,69.237,70.505,100.6,104.9,68.251,,2.32
1996-08-01,157.2,166.0,128.3,69.303,70.566,100.7,104.7,,,2.31
1996-09-01,157.7,166.5,128.2,69.499,70.78,101.8,103.9,,,2.36
1996-10-01,158.2,166.8,128.0,69.709,70.948,102.4,103.6,68.615,,2.34
1996-11-01,158.7,167.2,128.2,69.833,71.041,102.2,103.2,,,2.39
1996-12-01,159.1,167.4,129.1,69.914,71.068,102.5,103.2,,,2.38
1997-01-01,159.4,167.8,129.7,70.005,71.144,102.2,103.3,69.025,,2.35
1997-02-01,159.7,168.1,128.5,70.151,71.29,101.2,103.5,,,2.36
1997-03-01,159.8,168.4,127.3,70.225,71.46,100.0,103.6,,,2.31
1997-04-01,159.9,168.9,127.0,70.294,71.6,98.8,103.6,69.162,,2.31
1997-05-01,159.9,169.2,127.4,70.262,71.652,98.8,103.4,,,2.22
1997-06-01,160.2,169.4,127.2,70.352,71.758,98.8,103.2,,,2.22
1997-07-01,160.4,169.7,126.9,70.394,71.807,98.5,103.2,69.464,,2.13
1997-08-01,160.8,169.8,127.2,70.45,71.778,98.4,103.2,,,2.06
1997-09-01,161.2,170.2,127.5,70.62,71.927,98.4,102.9,,,2.05
1997-10-01,161.5,170.6,127.8,70.712,72.036,98.6,102.5,69.695,,1.9
1997-11-01,161.7,170.8,127.9,70.716,72.058,98.1,102.5,,,1.8
1997-12-01,161.8,171.2,126.8,70.701,72.1,97.2,102.0,,,1.73
1998-01-01,162.0,171.6,125.4,70.736,72.21,95.9,101.3,69.794,,1.66
1998-02-01,162.0,171.9,125.0,70.699,72.272,95.0,101.0,,,1.61
1998-03-01,162.0,172.2,124.7,70.71,72.349,94.1,100.7,,,1.65
1998-04-01,162.2,172.5,124.9,70.798,72.482,93.9,100.3,69.959,,1.63
1998-05-01,162.6,172.9,125.1,70.895,72.552,93.7,100.4,,,1.71
1998-06-01,162.8,173.2,124.8,70.835,72.461,93.1,99.9,,,1.64
1998-07-01,163.2,173.5,124.9,71.01,72.665,92.3,99.5,70.255,,1.69
1998-08-01,163.4,174.0,124.2,71.108,72.807,92.0,99.0,,,1.75
1998-09-01,163.5,174.2,123.8,71.067,72.795,92.2,98.5,,,1.7
1998-10-01,163.9,174.4,124.0,71.223,72.937,92.3,98.4,70.453,,1.77
1998-11-01,164.1,174.8,123.6,71.226,72.95,91.8,98.6,,,1.78
1998-12-01,164.4,175.4,122.8,71.298,73.076,91.0,98.5,,,1.81
1999-01-01,164.7,175.6,122.9,71.398,73.18,91.3,98.5,70.682,,1.84
1999-02-01,164.7,175.6,122.3,71.358,73.155,91.2,98.3,,,1.8
1999-03-01,164.8,175.7,122.6,71.412,73.177,91.5,97.9,,,1.72
1999-04-01,165.9,176.3,123.6,71.757,73.365,92.4,98.1,70.949,,1.77
1999-05-01,166.0,176.5,124.7,71.804,73.435,93.1,98.2,,,1.73
1999-06-01,166.0,176.6,125.2,71.826,73.474,92.9,98.2,,,1.76
1999-07-01,166.7,177.1,125.7,72.017,73.606,93.8,98.1,71.2,,1.79
1999-08-01,167.1,177.3,126.9,72.148,73.642,94.8,98.4,,,1.75
1999-09-01,167.8,177.8,128.0,72.407,73.837,95.8,98.5,,,1.8
1999-10-01,168.1,178.1,127.7,72.529,73.963,96.0,98.8,71.595,,1.81
1999-11-01,168.4,178.4,128.3,72.594,74.034,96.7,99.0,,,1.84
1999-12-01,168.8,178.7,127.8,72.763,74.128,97.4,99.0,,,1.88
2000-01-01,169.3,179.3,128.3,72.961,74.306,97.8,99.2,72.071,,2.0
2000-02-01,170.0,179.4,129.8,73.191,74.415,99.7,99.6,,,2.12
2000-03-01,171.0,180.0,130.8,73.505,74.568,99.9,100.0,,,2.24
2000-04-01,170.9,180.3,130.7,73.444,74.617,98.5,100.0,72.52,,2.18
2000-05-01,171.2,180.7,131.6,73.505,74.697,98.8,100.2,,,2.22
2000-06-01,172.2,181.1,133.8,73.754,74.754,100.2,100.1,,,2.27
2000-07-01,172.7,181.5,133.7,73.939,74.925,100.2,100.0,72.944,,2.3
2000-08-01,172.7,181.9,132.9,73.934,75.021,100.4,99.8,,,2.32
2000-09-01,173.6,182.3,134.7,74.252,75.203,101.6,100.4,,,2.39
2000-10-01,173.9,182.6,135.4,74.353,75.308,101.2,100.3,73.337,,2.42
2000-11-01,174.2,183.1,135.0,74.457,75.441,101.2,100.3,,,2.45
2000-12-01,174.6,183.3,136.2,74.571,75.515,100.5,100.1,,,2.5
2001-01-01,175.6,183.9,140.0,74.932,75.796,100.5,100.3,73.822,,2.52
2001-02-01,176.0,184.4,137.4,75.048,75.93,99.9,100.2,,,2.54
2001-03-01,176.1,184.7,135.9,75.055,76.009,98.3,100.0,,,2.5
2001-04-01,176.4,185.1,136.4,75.187,76.13,97.8,99.9,74.266,,2.59
2001-05-01,177.3,185.3,136.8,75.385,76.148,98.0,99.6,,,2.59
2001-06-01,177.7,186.0,135.5,75.518,76.318,97.6,99.4,,,2.67
2001-07-01,177.4,186.4,133.4,75.493,76.515,96.1,99.0,74.558,,2.63
2001-08-01,177.4,186.7,133.4,75.484,76.553,96.0,98.8,,,2.65
2001-09-01,178.1,187.1,133.3,75.227,76.118,95.9,99.0,,,2.53
2001-10-01,177.6,187.4,130.3,75.492,76.654,93.7,98.3,74.792,,2.5
2001-11-01,177.5,188.1,129.8,75.441,76.81,92.3,97.8,,,2.47
2001-12-01,177.4,188.4,128.1,75.363,76.828,91.4,97.6,,,2.37
2002-01-01,177.7,188.7,128.5,75.431,76.871,91.6,97.5,75.027,,2.24
2002-02-01,178.0,189.1,128.4,75.558,77.018,91.6,97.3,,,2.23
2002-03-01,178.5,189.2,129.8,75.763,77.11,92.8,97.6,,,2.22
2002-04-01,179.3,189.7,130.8,76.08,77.325,94.3,98.0,75.289,,2.17
2002-05-01,179.5,190.0,130.8,76.13,77.411,94.4,98.0,,,2.11
2002-06-01,179.6,190.2,130.9,76.225,77.534,94.1,98.0,,,2.01
2002-07-01,180.0,190.5,131.2,76.393,77.692,94.5,98.3,75.65,,2.03
2002-08-01,180.5,191.1,131.5,76.543,77.845,94.8,98.5,,,2.0
2002-09-01,180.8,191.3,132.3,76.681,77.972,95.5,98.8,,,2.07
2002-10-01,181.2,191.5,133.2,76.821,78.038,95.5,98.7,76.089,,2.08
2002-11-01,181.5,191.9,133.1,76.897,78.114,94.6,98.8,,,2.06
2002-12-01,181.8,192.1,132.9,76.971,78.187,95.2,98.6,,,2.1
2003-01-01,182.6,192.4,135.3,77.201,78.24,96.9,98.9,76.461,,2.08
2003-02-01,183.6,192.5,137.6,77.526,78.348,98.5,99.5,,,2.01
2003-03-01,183.9,192.5,141.2,77.725,78.474,99.1,99.7,,,1.99
2003-04-01,183.2,192.5,136.8,77.593,78.561,96.0,99.6,76.73,,1.84
2003-05-01,182.9,192.9,136.7,77.504,78.674,95.3,99.7,,,1.82
2003-06-01,183.1,193.0,138.0,77.588,78.718,96.2,99.5,,,1.74
2003-07-01,183.7,193.4,137.7,77.816,78.915,96.7,99.4,77.169,,1.77
2003-08-01,184.5,193.6,138.0,78.079,79.004,96.7,99.4,,,1.8
2003-09-01,185.1,193.7,138.5,78.323,79.114,96.2,99.8,,,1.75
2003-10-01,184.9,194.0,139.3,78.333,79.26,96.3,100.0,77.639,,1.73
2003-11-01,185.0,194.0,138.9,78.432,79.368,96.8,100.5,,,1.74
2003-12-01,185.5,194.2,139.5,78.605,79.467,97.5,100.8,,,1.74
2004-01-01,186.3,194.6,141.4,78.909,79.671,99.0,101.5,78.193,,1.81
2004-02-01,186.7,194.9,142.1,79.077,79.8,99.4,102.2,,,1.88
2004-03-01,187.1,195.5,143.1,79.199,79.934,100.2,103.0,,,1.88
2004-04-01,187.4,195.9,144.8,79.346,80.142,100.4,103.7,78.824,,2.11
2004-05-01,188.2,196.2,146.8,79.604,80.252,101.9,104.1,,,2.21
2004-06-01,188.9,196.6,147.2,79.831,80.379,101.7,103.4,,,2.33
2004-07-01,189.1,196.8,147.4,79.905,80.474,102.1,103.9,79.324,,2.26
2004-08-01,189.2,196.9,148.0,79.946,80.505,103.6,103.4,,,2.2
2004-09-01,189.8,197.5,147.7,80.104,80.656,104.1,103.8,,,2.19
2004-10-01,190.8,197.9,150.0,80.448,80.831,105.8,104.4,79.939,,2.21
2004-11-01,191.7,198.3,151.4,80.758,81.005,105.5,104.7,,,2.25
2004-12-01,191.7,198.6,150.2,80.801,81.109,104.0,104.8,,,2.27
2005-01-01,191.6,199.0,150.9,80.907,81.401,104.6,105.6,80.578,,2.37
2005-02-01,192.4,199.4,151.6,81.132,81.536,105.5,105.7,,,2.38
2005-03-01,193.1,200.1,153.7,81.375,81.737,107.8,106.4,,,2.39
2005-04-01,193.7,200.2,155.0,81.603,81.831,108.8,106.9,81.158,,2.29
2005-05-01,193.6,200.5,154.3,81.649,81.999,107.9,106.7,,,2.25
2005-06-01,193.7,200.6,154.3,81.7,82.056,109.2,106.7,,,2.18
2005-07-01,194.9,200.9,156.3,82.046,82.176,110.5,106.8,81.898,,2.25
2005-08-01,196.1,201.1,157.6,82.377,82.243,112.1,106.6,,,2.29
2005-09-01,198.8,201.3,162.2,83.172,82.425,114.4,107.5,,,2.39
2005-10-01,199.1,202.0,166.2,83.305,82.662,114.5,108.3,82.571,,2.45
2005-11-01,198.1,202.5,163.7,83.131,82.873,112.3,107.6,,,2.46
2005-12-01,198.1,202.8,163.0,83.131,82.959,112.3,107.7,,,2.44
2006-01-01,199.3,203.2,164.3,83.534,83.145,113.7,108.5,83.156,,2.39
2006-02-01,199.4,203.6,161.8,83.584,83.279,112.8,108.6,,,2.34
2006-03-01,199.7,204.3,162.2,83.746,83.509,112.7,108.8,,20.05,2.38
2006-04-01,200.7,204.8,164.3,84.135,83.764,115.1,109.6,83.882,20.15,2.47
2006-05-01,201.3,205.4,165.8,84.361,83.974,117.2,110.4,,20.13,2.61
2006-06-01,201.8,205.9,166.1,84.569,84.186,117.3,111.2,,20.23,2.78
2006-07-01,202.9,206.3,166.8,84.858,84.268,118.2,111.6,84.468,20.29,2.79
2006-08-01,203.8,206.8,167.9,85.125,84.44,118.8,112.1,,20.32,2.86
2006-09-01,202.8,207.2,165.4,84.902,84.573,116.2,111.7,,20.4,2.78
2006-10-01,201.9,207.6,162.2,84.702,84.726,113.3,111.4,84.77,20.42,2.71
2006-11-01,202.0,207.8,164.6,84.731,84.766,113.8,111.8,,20.49,2.57
2006-12-01,203.1,208.1,165.6,85.032,84.88,115.1,112.5,,20.58,2.67
2007-01-01,203.437,208.6,164.0,85.316,85.224,113.7,113.0,85.576,20.59,2.71
2007-02-01,204.226,209.135,166.8,85.581,85.408,114.1,113.9,,20.68,2.82
2007-03-01,205.288,209.418,169.3,85.894,85.494,115.9,114.7,,20.73,2.77
2007-04-01,205.904,209.747,171.4,86.096,85.616,117.5,115.2,86.171,20.77,2.66
2007-05-01,206.755,210.058,173.3,86.346,85.717,118.6,115.5,,20.84,2.51
2007-06-01,207.234,210.392,173.8,86.529,85.859,120.0,116.0,,20.95,2.41
2007-07-01,207.603,210.773,175.1,86.661,85.988,121.5,116.1,86.642,20.94,2.35
2007-08-01,207.667,211.119,172.4,86.72,86.116,121.1,116.3,,21.0,2.3
2007-09-01,208.547,211.554,173.5,87.054,86.351,121.8,116.7,,21.04,2.38
2007-10-01,209.19,212.077,174.7,87.318,86.576,123.6,117.6,86.993,21.07,2.47
2007-11-01,210.834,212.66,179.0,87.781,86.746,127.5,118.7,,21.12,2.66
2007-12-01,211.445,213.168,178.6,87.984,86.92,127.3,119.3,,21.16,2.63
2008-01-01,212.174,213.771,181.0,88.206,87.093,129.2,120.7,87.315,21.19,2.56
2008-02-01,212.687,213.939,182.7,88.382,87.178,129.5,121.8,,21.27,2.44
2008-03-01,213.448,214.42,187.9,88.635,87.349,133.5,123.8,,21.35,2.48
2008-04-01,213.942,214.56,190.9,88.799,87.4,137.3,124.4,87.738,21.38,2.51
2008-05-01,215.208,214.936,196.6,89.18,87.559,141.2,124.8,,21.47,2.55
2008-06-01,217.463,215.424,200.5,89.827,87.76,145.5,126.1,,21.52,2.6
2008-07-01,219.016,215.965,205.5,90.245,87.918,147.5,128.0,88.399,21.61,2.69
2008-08-01,218.69,216.393,199.0,90.172,88.026,143.0,125.9,,21.7,2.64
2008-09-01,218.877,216.713,196.9,90.247,88.116,137.8,124.9,,21.73,2.57
2008-10-01,216.995,216.788,186.4,89.651,87.991,129.6,122.3,88.613,21.76,2.44
2008-11-01,213.153,216.947,176.8,88.593,87.952,120.0,118.4,,21.86,2.35
2008-12-01,211.398,216.925,170.9,88.098,87.909,114.5,115.8,,21.94,2.21
2009-01-01,211.933,217.346,171.2,88.108,87.882,113.0,116.6,88.543,21.96,2.22
2009-02-01,212.705,217.792,169.3,88.266,87.952,113.0,116.3,,21.98,2.22
2009-03-01,212.495,218.253,168.1,88.169,88.015,113.6,115.5,,22.05,2.14
2009-04-01,212.709,218.706,169.1,88.295,88.211,114.8,116.1,88.396,22.1,2.08
2009-05-01,213.022,218.904,170.8,88.387,88.279,116.8,116.6,,22.12,1.99
2009-06-01,214.79,219.112,174.1,88.912,88.392,120.0,117.8,,22.14,1.86
2009-07-01,214.726,219.263,172.5,88.922,88.468,119.3,117.4,88.501,22.18,1.62
2009-08-01,215.445,219.496,175.0,89.18,88.599,121.1,118.1,,22.23,1.6
2009-09-01,215.861,219.92,174.1,89.324,88.755,121.3,117.9,,22.27,1.48
2009-10-01,216.509,220.501,175.2,89.663,89.082,122.3,117.9,88.781,22.31,1.5
2009-11-01,217.234,220.666,177.4,89.887,89.16,124.1,118.9,,22.33,1.38
2009-12-01,217.347,220.881,178.1,89.939,89.236,124.4,119.7,,22.37,1.36
2010-01-01,217.488,220.633,181.9,90.136,89.368,125.9,120.7,89.036,22.41,1.2
2010-02-01,217.281,220.731,181.0,90.134,89.446,125.8,120.3,,22.46,1.08
2010-03-01,217.353,220.783,183.3,90.261,89.579,126.3,121.2,,22.46,1.0
2010-04-01,217.403,220.822,184.4,90.31,89.625,127.7,122.5,89.471,22.49,0.93
2010-05-01,217.29,220.962,184.8,90.339,89.724,126.7,123.1,,22.51,0.88
2010-06-01,217.199,221.194,183.5,90.301,89.767,125.2,122.2,,22.53,0.81
2010-07-01,217.605,221.363,184.1,90.378,89.769,125.2,122.0,89.743,22.59,0.85
2010-08-01,217.923,221.509,184.9,90.502,89.855,125.7,123.0,,22.62,0.85
2010-09-01,218.275,221.711,184.9,90.592,89.906,125.7,123.7,,22.67,0.88
2010-10-01,219.035,221.83,186.6,90.881,90.043,127.1,124.7,90.264,22.74,0.8
2010-11-01,219.59,222.149,187.7,91.062,90.16,129.2,126.6,,22.73,0.85
2010-12-01,220.472,222.343,189.7,91.268,90.179,131.0,127.5,,22.76,0.89
2011-01-01,221.187,222.803,192.7,91.542,90.372,133.0,129.1,90.726,22.87,1.0
2011-02-01,221.898,223.213,195.8,91.797,90.53,135.3,130.8,,22.87,1.16
2011-03-01,223.046,223.454,199.2,92.166,90.667,139.3,132.7,,22.87,1.29
2011-04-01,224.093,223.727,203.1,92.557,90.875,142.9,133.8,91.326,22.91,1.42
2011-05-01,224.806,224.175,204.1,92.838,91.091,143.1,134.3,,22.97,1.56
2011-06-01,224.806,224.697,203.9,92.819,91.191,142.2,134.5,,23.01,1.62
2011-07-01,225.395,225.218,204.6,92.977,91.326,142.4,134.0,91.876,23.11,1.7
2011-08-01,226.106,225.862,203.2,93.196,91.508,141.9,134.6,,23.07,1.79
2011-09-01,226.597,226.118,203.7,93.327,91.57,141.7,135.3,,23.11,1.84
2011-10-01,226.75,226.506,201.1,93.329,91.614,141.2,132.6,91.985,23.18,1.93
2011-11-01,227.169,226.899,201.4,93.52,91.808,142.2,132.7,,23.19,1.99
2011-12-01,227.223,227.405,199.8,93.574,91.96,142.2,132.1,,23.22,2.06
2012-01-01,227.842,227.877,200.7,93.894,92.235,142.2,132.5,92.525,23.26,2.09
2012-02-01,228.329,228.034,201.6,94.104,92.364,142.2,133.1,,23.28,2.02
2012-03-01,228.807,228.478,204.2,94.284,92.521,144.2,134.1,,23.36,2.02
2012-04-01,229.187,228.905,203.7,94.408,92.661,144.1,134.7,92.907,23.38,1.99
2012-05-01,228.713,229.224,201.9,94.302,92.755,142.0,134.0,,23.41,1.92
2012-06-01,228.524,229.623,199.8,94.254,92.85,138.7,131.7,,23.46,1.9
2012-07-01,228.59,229.97,200.1,94.288,92.946,137.7,132.2,93.417,23.49,1.84
2012-08-01,229.918,230.233,202.7,94.605,93.005,139.4,133.4,,23.49,1.79
2012-09-01,231.015,230.659,204.4,94.893,93.119,140.8,134.5,,23.57,1.79
2012-10-01,231.638,231.024,203.5,95.174,93.345,141.2,134.6,93.885,23.56,1.78
2012-11-01,231.249,231.33,201.8,95.109,93.445,140.2,133.8,,23.63,1.7
2012-12-01,231.221,231.725,201.5,95.094,93.514,139.4,133.6,,23.72,1.62
2013-01-01,231.679,232.229,202.5,95.275,93.703,140.1,134.1,94.258,23.75,1.57
2013-02-01,232.937,232.569,204.3,95.614,93.805,141.3,135.1,,23.77,1.61
2013-03-01,232.282,232.794,204.0,95.488,93.891,141.2,134.4,,23.8,1.56
2013-04-01,231.797,232.832,203.5,95.391,93.937,140.2,133.6,94.461,23.87,1.42
2013-05-01,231.893,232.996,204.1,95.461,94.047,139.4,132.9,,23.89,1.4
2013-06-01,232.445,233.35,204.3,95.673,94.209,138.8,132.8,,23.96,1.5
2013-07-01,232.9,233.88,204.4,95.792,94.329,138.9,132.6,94.924,23.98,1.55
2013-08-01,233.456,234.336,204.2,95.934,94.431,139.4,131.9,,24.02,1.54
2013-09-01,233.544,234.7,203.9,95.976,94.543,139.8,132.4,,24.06,1.52
2013-10-01,233.669,234.921,202.5,96.103,94.703,138.9,131.6,95.426,24.09,1.52
2013-11-01,234.1,235.359,201.2,96.246,94.86,137.7,131.8,,24.16,1.59
2013-12-01,234.719,235.759,202.0,96.414,94.961,137.8,132.3,,24.18,1.65
2014-01-01,235.288,235.961,203.8,96.614,95.064,138.3,132.7,95.788,24.23,1.63
2014-02-01,235.547,236.185,205.7,96.66,95.109,139.8,133.7,,24.33,1.57
2014-03-01,236.028,236.625,207.0,96.815,95.25,140.5,134.9,,24.31,1.59
2014-04-01,236.468,237.072,208.3,96.987,95.413,139.7,133.5,96.33,24.34,1.72
2014-05-01,236.918,237.529,208.0,97.147,95.574,140.1,133.7,,24.4,1.77
2014-06-01,237.231,237.837,208.3,97.253,95.682,140.5,133.0,,24.46,1.72
2014-07-01,237.498,238.195,208.0,97.391,95.848,140.1,133.1,96.726,24.48,1.73
2014-08-01,237.46,238.405,207.0,97.379,95.885,139.0,132.4,,24.54,1.69
2014-09-01,237.477,238.786,206.4,97.413,96.013,137.9,131.9,,24.55,1.7
2014-10-01,237.43,239.191,203.4,97.384,96.096,136.0,130.7,96.822,24.58,1.68
2014-11-01,236.983,239.458,200.9,97.291,96.181,133.5,129.5,,24.66,1.64
2014-12-01,236.252,239.584,197.0,97.12,96.249,130.1,128.3,,24.63,1.6
2015-01-01,234.747,239.811,192.0,96.654,96.214,126.0,126.1,96.769,24.75,1.49
2015-02-01,235.342,240.172,191.1,96.825,96.324,125.5,125.9,,24.8,1.55
2015-03-01,235.976,240.755,191.5,97.008,96.47,125.3,125.9,,24.85,1.55
2015-04-01,236.222,241.346,190.9,97.094,96.648,125.1,125.1,97.325,24.89,1.57
2015-05-01,237.001,241.688,193.4,97.327,96.766,126.5,125.7,,24.97,1.55
2015-06-01,237.657,242.064,194.8,97.516,96.882,126.6,125.3,,24.97,1.57
2015-07-01,238.034,242.565,193.9,97.605,96.978,125.4,124.8,97.583,25.01,1.55
2015-08-01,238.033,242.817,191.9,97.612,97.056,123.2,123.0,,25.09,1.57
2015-09-01,237.498,243.316,189.1,97.477,97.196,121.9,122.3,,25.11,1.56
2015-10-01,237.733,243.768,187.5,97.477,97.228,121.5,122.0,97.581,25.2,1.52
2015-11-01,238.017,244.241,185.7,97.538,97.332,120.8,121.1,,25.25,1.49
2015-12-01,237.761,244.547,183.5,97.456,97.396,119.3,119.8,,25.25,1.48
2016-01-01,237.652,244.955,182.6,97.496,97.567,117.8,118.7,97.496,25.37,1.6
2016-02-01,237.336,245.51,181.3,97.445,97.736,117.2,118.2,,25.38,1.59
2016-03-01,238.08,245.913,182.1,97.673,97.876,117.7,118.1,,25.45,1.62
2016-04-01,238.992,246.551,183.2,97.993,98.117,118.5,118.7,98.159,25.53,1.64
2016-05-01,239.557,247.137,185.3,98.153,98.284,119.9,120.0,,25.58,1.68
2016-06-01,240.222,247.54,187.6,98.325,98.386,120.7,120.9,,25.62,1.66
2016-07-01,240.101,247.829,187.7,98.342,98.529,120.8,121.1,98.41,25.69,1.67
2016-08-01,240.545,248.423,186.6,98.479,98.703,120.5,120.1,,25.71,1.71
2016-09-01,241.176,248.842,186.9,98.666,98.834,120.6,120.5,,25.77,1.74
2016-10-01,241.741,249.142,186.7,98.868,98.961,121.2,120.7,98.886,25.9,1.82
2016-11-01,242.026,249.481,186.3,98.901,99.005,121.1,120.8,,25.9,1.85
2016-12-01,242.637,249.92,188.2,99.071,99.12,121.6,121.3,,25.93,1.91
2017-01-01,243.618,250.467,190.7,99.451,99.385,122.3,121.6,99.39,26.0,1.95
2017-02-01,244.006,250.998,191.6,99.586,99.561,122.7,122.0,,26.07,1.91
2017-03-01,243.892,250.944,191.5,99.535,99.519,122.5,122.1,,26.11,1.84
2017-04-01,244.193,251.227,193.0,99.725,99.723,122.8,122.4,99.65,26.17,1.78
2017-05-01,244.004,251.43,192.8,99.682,99.803,122.7,121.7,,26.21,1.68
2017-06-01,244.163,251.746,193.6,99.766,99.937,122.4,121.6,,26.26,1.68
2017-07-01,244.243,251.985,193.5,99.803,100.01,122.2,122.2,100.162,26.35,1.64
2017-08-01,245.183,252.535,193.8,100.027,100.118,122.9,122.9,,26.37,1.64
2017-09-01,246.435,252.812,194.8,100.4,100.24,123.9,123.9,,26.49,1.63
2017-10-01,246.626,253.526,194.9,100.531,100.486,124.1,124.0,100.778,26.5,1.63
2017-11-01,247.284,253.816,195.9,100.675,100.535,125.3,124.6,,26.54,1.65
2017-12-01,247.805,254.344,196.3,100.821,100.683,125.5,124.7,,26.63,1.66
2018-01-01,248.859,255.204,197.9,101.199,101.007,126.5,125.6,101.419,26.72,1.72
2018-02-01,249.529,255.711,199.3,101.416,101.198,126.8,125.8,,26.74,1.75
2018-03-01,249.577,256.271,199.3,101.524,101.419,126.5,126.3,,26.85,1.79
2018-04-01,250.227,256.63,200.3,101.766,101.602,127.1,126.9,102.136,26.91,1.76
2018-05-01,250.792,257.145,203.2,101.941,101.78,128.2,127.8,,26.98,1.86
2018-06-01,251.018,257.399,204.2,102.029,101.872,128.2,128.0,,27.03,1.9
2018-07-01,251.214,257.699,204.3,102.137,102.006,128.1,127.4,102.577,27.1,1.93
2018-08-01,251.663,257.891,203.4,102.208,102.016,127.6,127.3,,27.21,1.93
2018-09-01,252.182,258.368,203.6,102.418,102.205,127.7,127.3,,27.32,1.94
2018-10-01,252.772,258.917,204.6,102.595,102.366,128.3,127.9,103.019,27.37,1.96
2018-11-01,252.594,259.439,202.3,102.63,102.556,126.2,126.9,,27.44,2.02
2018-12-01,252.767,260.063,201.0,102.701,102.735,124.4,126.1,,27.56,2.02
2019-01-01,252.561,260.766,199.1,102.648,102.87,124.6,125.3,103.328,27.59,1.91
2019-02-01,253.319,261.186,199.2,102.836,102.963,125.9,126.1,,27.69,1.97
2019-03-01,254.277,261.567,200.8,103.069,103.058,126.6,127.0,,27.77,2.01
2019-04-01,255.233,261.997,202.1,103.36,103.265,126.8,127.1,103.862,27.79,2.13
2019-05-01,255.296,262.217,201.7,103.435,103.371,127.0,126.7,,27.88,2.04
2019-06-01,255.213,262.739,200.3,103.484,103.56,125.6,126.0,,27.96,2.0
2019-07-01,255.802,263.28,200.7,103.622,103.678,125.6,126.2,104.192,28.03,2.04
2019-08-01,256.036,263.877,199.2,103.67,103.797,124.9,125.5,,28.14,2.05
2019-09-01,256.43,264.388,198.4,103.733,103.873,125.0,125.1,,28.16,1.99
2019-10-01,257.155,264.97,198.6,103.917,104.028,124.5,125.1,104.516,28.23,1.97
2019-11-01,257.879,265.548,199.0,104.024,104.092,124.7,125.2,,28.34,1.88
2019-12-01,258.63,266.02,199.0,104.307,104.322,125.0,125.0,,28.38,1.88
2020-01-01,259.127,266.716,199.3,104.419,104.488,125.2,125.8,104.999,28.43,1.93
2020-02-01,259.25,267.37,196.7,104.541,104.684,124.3,124.3,,28.54,1.93
2020-03-01,258.076,267.054,193.1,104.252,104.596,121.3,122.5,,28.74,1.85
2020-04-01,256.032,265.746,185.5,103.817,104.256,118.2,118.2,104.612,30.04,1.73
2020-05-01,255.802,265.412,188.6,103.914,104.37,119.0,118.2,,29.72,1.8
2020-06-01,257.042,265.849,191.2,104.233,104.531,120.6,120.3,,29.38,1.79
2020-07-01,258.352,267.389,193.0,104.564,104.9,122.1,121.5,105.527,29.39,1.83
2020-08-01,259.316,268.422,194.3,104.887,105.235,123.2,122.1,,29.5,1.86
2020-09-01,259.997,268.933,195.5,105.046,105.395,123.4,122.8,,29.51,1.86
2020-10-01,260.319,269.306,196.5,105.106,105.47,123.3,123.0,106.244,29.55,1.8
2020-11-01,260.911,269.981,198.3,105.225,105.578,123.4,124.0,,29.64,1.75
2020-12-01,262.045,270.341,200.5,105.69,105.904,124.6,125.5,,29.91,1.73
2021-01-01,262.639,270.416,204.8,106.083,106.244,126.5,128.9,107.59,29.92,1.74
2021-02-01,263.573,270.776,210.6,106.471,106.477,128.0,131.0,,30.07,1.73
2021-03-01,264.847,271.453,215.0,107.032,106.898,129.9,134.3,,30.04,1.83
2021-04-01,266.625,273.626,217.9,107.632,107.549,131.1,135.9,109.256,30.23,1.94
2021-05-01,268.404,275.457,224.9,108.184,108.103,132.8,139.0,,30.41,2.06
2021-06-01,270.71,277.608,228.9,108.748,108.595,134.2,140.6,,30.55,2.12
2021-07-01,271.965,278.639,231.85,109.275,109.062,134.6,142.1,110.897,30.66,2.18
2021-08-01,272.752,279.021,233.415,109.72,109.436,134.3,142.4,,30.79,2.26
2021-09-01,273.942,279.727,235.678,110.047,109.657,134.9,142.8,,30.96,2.5
2021-10-01,276.528,281.649,240.465,110.741,110.184,136.9,145.5,112.826,31.15,2.78
2021-11-01,278.824,283.411,243.287,111.51,110.792,137.9,146.5,,31.25,3.05
2021-12-01,280.806,285.221,241.338,112.221,111.458,137.4,144.2,,31.41,3.33
2022-01-01,282.542,286.799,246.453,112.776,111.988,140.1,148.2,115.119,31.62,3.67
2022-02-01,284.525,288.256,252.66,113.489,112.492,142.6,153.0,,31.66,3.87
2022-03-01,287.467,289.044,260.014,114.489,112.916,146.8,159.0,,31.82,3.96
2022-04-01,288.582,290.474,265.31,114.845,113.301,147.5,160.6,117.731,31.96,4.01
2022-05-01,291.299,292.039,273.251,115.542,113.709,148.2,164.9,,32.1,4.19
2022-06-01,295.072,294.009,280.251,116.631,114.376,148.5,166.7,,32.2,4.59
2022-07-01,294.94,295.08,272.274,116.662,114.638,146.4,160.5,119.057,32.35,4.7
2022-08-01,295.162,296.582,269.546,117.002,115.298,144.6,158.3,,32.44,4.97
2022-09-01,296.421,298.281,267.898,117.377,115.805,143.1,156.8,,32.55,4.97
2022-10-01,297.979,299.381,265.061,117.891,116.2,142.7,156.0,120.157,32.7,4.99
2022-11-01,298.708,300.316,263.157,118.221,116.554,141.6,155.4,,32.84,4.96
2022-12-01,298.808,301.433,257.897,118.403,116.977,141.8,150.8,,32.96,4.91
2023-01-01,300.456,302.685,260.227,119.007,117.526,141.3,151.1,121.251,33.05,4.85
2023-02-01,301.476,304.097,258.669,119.401,117.963,141.0,151.7,,33.16,4.84
2023-03-01,301.643,305.123,257.062,119.553,118.304,139.9,151.1,,33.28,4.88
2023-04-01,302.858,306.49,256.908,119.97,118.715,140.3,151.0,121.804,33.42,4.95
2023-05-01,303.316,307.623,253.67,120.14,119.063,139.7,147.9,,33.52,4.78
2023-06-01,304.099,308.291,253.86,120.435,119.37,139.4,147.0,,33.69,4.39
2023-07-01,304.615,308.959,253.835,120.598,119.536,139.4,147.5,122.768,33.84,4.22
2023-08-01,306.138,309.646,257.68,120.965,119.658,140.3,149.2,,33.89,3.91
2023-09-01,307.374,310.616,258.934,121.387,120.04,141.0,150.0,,33.99,3.84
2023-10-01,307.653,311.433,255.192,121.421,120.2,140.1,148.6,123.241,34.07,3.63
2023-11-01,308.087,312.373,252.856,121.415,120.309,139.4,147.5,,34.19,3.47
2023-12-01,308.735,313.23,249.866,121.602,120.528,138.4,146.5,,34.31,3.29
2024-01-01,309.794,314.389,251.306,122.115,121.128,139.4,147.5,124.163,34.47,3.26
2024-02-01,311.022,315.555,254.926,122.494,121.418,139.7,148.6,,34.54,3.13
2024-03-01,312.107,316.762,255.095,122.912,121.829,140.5,148.8,,34.67,3.08
2024-04-01,313.016,317.596,256.978,123.234,122.14,141.7,149.8,124.943,34.75,2.96
2024-05-01,313.14,318.053,255.313,123.224,122.239,141.5,148.8,,34.89,2.86
2024-06-01,313.131,318.343,255.914,123.369,122.51,141.6,148.4,,35.0,2.83
2024-07-01,313.566,318.933,257.321,123.575,122.722,141.8,149.2,125.532,35.07,2.79
2024-08-01,314.131,319.839,255.463,123.727,122.926,141.4,148.2,,35.23,2.73
2024-09-01,314.851,320.835,252.682,123.939,123.234,140.9,147.3,,35.33,2.66
2024-10-01,315.564,321.688,253.081,124.235,123.57,141.1,148.8,126.219,35.48,2.71
2024-11-01,316.449,322.619,253.229,124.387,123.703,141.3,148.8,,35.61,2.72
2024-12-01,317.603,323.296,253.59,124.705,123.896,141.6,149.5,,35.7,2.77
2025-01-01,319.086,324.739,257.302,,,142.0,151.5,,35.87,
