,Northeast,Midwest,South,West
1914-12-01,9.9,,,
1915-01-01,,,,
1915-02-01,,,,
1915-03-01,,,,
1915-04-01,,,,
1915-05-01,,,,
1915-06-01,,,,
1915-07-01,,,,
1915-08-01,,,,
1915-09-01,,,,
1915-10-01,,,,
1915-11-01,,,,
1915-12-01,10.1,,,
1916-01-01,,,,
1916-02-01,,,,
1916-03-01,,,,
1916-04-01,,,,
1916-05-01,,,,
1916-06-01,,,,
1916-07-01,,,,
1916-08-01,,,,
1916-09-01,,,,
1916-10-01,,,,
1916-11-01,,,,
1916-12-01,11.3,,,
1917-01-01,,,,
1917-02-01,,,,
1917-03-01,,,,
1917-04-01,,,,
1917-05-01,,,,
1917-06-01,,,,
1917-07-01,,,,
1917-08-01,,,,
1917-09-01,,,,
1917-10-01,,,,
1917-11-01,,,,
1917-12-01,13.8,,,
1918-01-01,,,,
1918-02-01,,,,
1918-03-01,,,,
1918-04-01,,,,
1918-05-01,,,,
1918-06-01,,,,
1918-07-01,,,,
1918-08-01,,,,
1918-09-01,,,,
1918-10-01,,,,
1918-11-01,,,,
1918-12-01,16.8,,,
1919-01-01,,,,
1919-02-01,,,,
1919-03-01,,,,
1919-04-01,,,,
1919-05-01,,,,
1919-06-01,17.1,,,
1919-07-01,,,,
1919-08-01,,,,
1919-09-01,,,,
1919-10-01,,,,
1919-11-01,,,,
1919-12-01,19.3,,,
1920-01-01,,,,
1920-02-01,,,,
1920-03-01,,,,
1920-04-01,,,,
1920-05-01,,,,
1920-06-01,20.9,,,
1920-07-01,,,,
1920-08-01,,,,
1920-09-01,,,,
1920-10-01,,,,
1920-11-01,,,,
1920-12-01,19.5,,,
1921-01-01,,,,
1921-02-01,,,,
1921-03-01,,,,
1921-04-01,,,,
1921-05-01,17.9,,,
1921-06-01,,,,
1921-07-01,,,,
1921-08-01,,,,
1921-09-01,17.8,,,
1921-10-01,,,,
1921-11-01,,,,
1921-12-01,17.9,,,
1922-01-01,,,,
1922-02-01,,,,
1922-03-01,17.1,,,
1922-04-01,,,,
1922-05-01,,,,
1922-06-01,17.2,,,
1922-07-01,,,,
1922-08-01,,,,
1922-09-01,17.1,,,
1922-10-01,,,,
1922-11-01,,,,
1922-12-01,17.4,,,
1923-01-01,,,,
1923-02-01,,,,
1923-03-01,17.3,,,
1923-04-01,,,,
1923-05-01,,,,
1923-06-01,17.4,,,
1923-07-01,,,,
1923-08-01,,,,
1923-09-01,17.6,,,
1923-10-01,,,,
1923-11-01,,,,
1923-12-01,17.8,,,
1924-01-01,,,,
1924-02-01,,,,
1924-03-01,17.4,,,
1924-04-01,,,,
1924-05-01,,,,
1924-06-01,17.4,,,
1924-07-01,,,,
1924-08-01,,,,
1924-09-01,17.4,,,
1924-10-01,,,,
1924-11-01,,,,
1924-12-01,17.7,,,
1925-01-01,,,,
1925-02-01,,,,
1925-03-01,,,,
1925-04-01,,,,
1925-05-01,,,,
1925-06-01,17.7,,,
1925-07-01,,,,
1925-08-01,,,,
1925-09-01,,,,
1925-10-01,,,,
1925-11-01,,,,
1925-12-01,18.5,,,
1926-01-01,,,,
1926-02-01,,,,
1926-03-01,,,,
1926-04-01,,,,
1926-05-01,,,,
1926-06-01,18.1,,,
1926-07-01,,,,
1926-08-01,,,,
1926-09-01,,,,
1926-10-01,,,,
1926-11-01,,,,
1926-12-01,18.1,,,
1927-01-01,,,,
1927-02-01,,,,
1927-03-01,,,,
1927-04-01,,,,
1927-05-01,,,,
1927-06-01,18.0,,,
1927-07-01,,,,
1927-08-01,,,,
1927-09-01,,,,
1927-10-01,,,,
1927-11-01,,,,
1927-12-01,18.1,,,
1928-01-01,,,,
1928-02-01,,,,
1928-03-01,,,,
1928-04-01,,,,
1928-05-01,,,,
1928-06-01,17.7,,,
1928-07-01,,,,
1928-08-01,,,,
1928-09-01,,,,
1928-10-01,,,,
1928-11-01,,,,
1928-12-01,17.8,,,
1929-01-01,,,,
1929-02-01,,,,
1929-03-01,,,,
1929-04-01,,,,
1929-05-01,,,,
1929-06-01,17.8,,,
1929-07-01,,,,
1929-08-01,,,,
1929-09-01,,,,
1929-10-01,,,,
1929-11-01,,,,
1929-12-01,17.9,,,
1930-01-01,,,,
1930-02-01,,,,
1930-03-01,,,,
1930-04-01,,,,
1930-05-01,,,,
1930-06-01,17.4,,,
1930-07-01,,,,
1930-08-01,,,,
1930-09-01,,,,
1930-10-01,,,,
1930-11-01,,,,
1930-12-01,17.0,,,
1931-01-01,,,,
1931-02-01,,,,
1931-03-01,,,,
1931-04-01,,,,
1931-05-01,,,,
1931-06-01,16.0,,,
1931-07-01,,,,
1931-08-01,,,,
1931-09-01,,,,
1931-10-01,,,,
1931-11-01,,,,
1931-12-01,15.4,,,
1932-01-01,,,,
1932-02-01,,,,
1932-03-01,,,,
1932-04-01,,,,
1932-05-01,,,,
1932-06-01,14.7,,,
1932-07-01,,,,
1932-08-01,,,,
1932-09-01,,,,
1932-10-01,,,,
1932-11-01,,,,
1932-12-01,14.2,,,
1933-01-01,,,,
1933-02-01,,,,
1933-03-01,,,,
1933-04-01,,,,
1933-05-01,,,,
1933-06-01,13.7,,,
1933-07-01,,,,
1933-08-01,,,,
1933-09-01,,,,
1933-10-01,,,,
1933-11-01,,,,
1933-12-01,14.0,,,
1934-01-01,,,,
1934-02-01,,,,
1934-03-01,,,,
1934-04-01,,,,
1934-05-01,,,,
1934-06-01,14.3,,,
1934-07-01,,,,
1934-08-01,,,,
1934-09-01,,,,
1934-10-01,,,,
1934-11-01,14.4,,,
1934-12-01,,,,
1935-01-01,,,,
1935-02-01,,,,
1935-03-01,14.4,,,
1935-04-01,,,,
1935-05-01,,,,
1935-06-01,,,,
1935-07-01,14.3,,,
1935-08-01,,,,
1935-09-01,,,,
1935-10-01,14.4,,,
1935-11-01,,,,
1935-12-01,,,,
1936-01-01,14.6,,,
1936-02-01,,,,
1936-03-01,,,,
1936-04-01,14.4,,,
1936-05-01,,,,
1936-06-01,,,,
1936-07-01,14.5,,,
1936-08-01,,,,
1936-09-01,14.7,,,
1936-10-01,,,,
1936-11-01,,,,
1936-12-01,14.5,,,
1937-01-01,,,,
1937-02-01,,,,
1937-03-01,14.8,,,
1937-04-01,,,,
1937-05-01,,,,
1937-06-01,14.8,,,
1937-07-01,,,,
1937-08-01,,,,
1937-09-01,15.2,,,
1937-10-01,,,,
1937-11-01,,,,
1937-12-01,15.0,,,
1938-01-01,,,,
1938-02-01,,,,
1938-03-01,14.5,,,
1938-04-01,,,,
1938-05-01,,,,
1938-06-01,14.5,,,
1938-07-01,,,,
1938-08-01,,,,
1938-09-01,14.6,,,
1938-10-01,,,,
1938-11-01,,,,
1938-12-01,14.6,,,
1939-01-01,,,,
1939-02-01,,,,
1939-03-01,14.5,,,
1939-04-01,,,,
1939-05-01,,,,
1939-06-01,14.3,,,
1939-07-01,,,,
1939-08-01,,,,
1939-09-01,14.8,,,
1939-10-01,,,,
1939-11-01,,,,
1939-12-01,14.6,,,
1940-01-01,,,,
1940-02-01,,,,
1940-03-01,14.7,,,
1940-04-01,,,,
1940-05-01,,,,
1940-06-01,14.8,,,
1940-07-01,,,,
1940-08-01,,,,
1940-09-01,14.7,,,
1940-10-01,14.6,,,
1940-11-01,14.7,,,
1940-12-01,14.7,,,
1941-01-01,14.7,,,
1941-02-01,14.8,,,
1941-03-01,14.8,,,
1941-04-01,14.9,,,
1941-05-01,15.0,,,
1941-06-01,15.2,,,
1941-07-01,15.3,,,
1941-08-01,15.4,,,
1941-09-01,15.6,,,
1941-10-01,15.7,,,
1941-11-01,15.8,,,
1941-12-01,15.8,,,
1942-01-01,16.1,,,
1942-02-01,16.2,,,
1942-03-01,16.3,,,
1942-04-01,16.4,,,
1942-05-01,16.5,,,
1942-06-01,16.7,,,
1942-07-01,16.8,,,
1942-08-01,16.9,,,
1942-09-01,16.9,,,
1942-10-01,17.1,,,
1942-11-01,17.3,,,
1942-12-01,17.4,,,
1943-01-01,17.5,,,
1943-02-01,17.5,,,
1943-03-01,17.8,,,
1943-04-01,17.9,,,
1943-05-01,18.1,,,
1943-06-01,18.1,,,
1943-07-01,18.1,,,
1943-08-01,17.9,,,
1943-09-01,18.1,,,
1943-10-01,18.2,,,
1943-11-01,18.2,,,
1943-12-01,18.2,,,
1944-01-01,18.2,,,
1944-02-01,18.1,,,
1944-03-01,18.2,,,
1944-04-01,18.3,,,
1944-05-01,18.4,,,
1944-06-01,18.4,,,
1944-07-01,18.5,,,
1944-08-01,18.5,,,
1944-09-01,18.5,,,
1944-10-01,18.5,,,
1944-11-01,18.6,,,
1944-12-01,18.6,,,
1945-01-01,18.6,,,
1945-02-01,18.6,,,
1945-03-01,18.5,,,
1945-04-01,18.6,,,
1945-05-01,18.7,,,
1945-06-01,18.9,,,
1945-07-01,19.1,,,
1945-08-01,19.0,,,
1945-09-01,18.9,,,
1945-10-01,18.9,,,
1945-11-01,19.0,,,
1945-12-01,19.1,,,
1946-01-01,19.2,,,
1946-02-01,19.2,,,
1946-03-01,19.3,,,
1946-04-01,19.5,,,
1946-05-01,19.6,,,
1946-06-01,19.8,,,
1946-07-01,21.0,,,
1946-08-01,21.3,,,
1946-09-01,21.8,,,
1946-10-01,22.3,,,
1946-11-01,22.5,,,
1946-12-01,22.7,,,
1947-01-01,22.6,,,
1947-02-01,22.5,,,
1947-03-01,23.0,,,
1947-04-01,22.9,,,
1947-05-01,22.7,,,
1947-06-01,22.9,,,
1947-07-01,23.0,,,
1947-08-01,23.2,,,
1947-09-01,23.6,,,
1947-10-01,23.6,,,
1947-11-01,23.9,,,
1947-12-01,24.1,,,
1948-01-01,24.4,,,
1948-02-01,24.3,,,
1948-03-01,24.0,,,
1948-04-01,24.4,,,
1948-05-01,24.5,,,
1948-06-01,24.7,,,
1948-07-01,25.2,,,
1948-08-01,25.3,,,
1948-09-01,25.3,,,
1948-10-01,25.1,,,
1948-11-01,25.0,,,
1948-12-01,24.7,,,
1949-01-01,24.7,,,
1949-02-01,24.4,,,
1949-03-01,24.5,,,
1949-04-01,24.6,,,
1949-05-01,24.5,,,
1949-06-01,24.5,,,
1949-07-01,24.5,,,
1949-08-01,24.5,,,
1949-09-01,24.6,,,
1949-10-01,24.3,,,
1949-11-01,24.3,,,
1949-12-01,24.2,,,
1950-01-01,24.0,,,
1950-02-01,24.1,,,
1950-03-01,24.1,,,
1950-04-01,24.2,,,
1950-05-01,24.2,,,
1950-06-01,24.3,,,
1950-07-01,24.7,,,
1950-08-01,24.7,,,
1950-09-01,25.0,,,
1950-10-01,25.1,,,
1950-11-01,25.3,,,
1950-12-01,25.6,,,
1951-01-01,25.9,,,
1951-02-01,26.3,,,
1951-03-01,26.3,,,
1951-04-01,26.3,,,
1951-05-01,26.5,,,
1951-06-01,26.3,,,
1951-07-01,26.4,,,
1951-08-01,26.4,,,
1951-09-01,26.6,,,
1951-10-01,26.7,,,
1951-11-01,26.8,,,
1951-12-01,26.8,,,
1952-01-01,26.8,,,
1952-02-01,26.7,,,
1952-03-01,26.6,,,
1952-04-01,26.7,,,
1952-05-01,26.7,,,
1952-06-01,26.7,,,
1952-07-01,27.1,,,
1952-08-01,27.1,,,
1952-09-01,27.1,,,
1952-10-01,27.1,,,
1952-11-01,27.2,,,
1952-12-01,27.0,,,
1953-01-01,26.9,,,
1953-02-01,26.8,,,
1953-03-01,26.8,,,
1953-04-01,26.8,,,
1953-05-01,26.8,,,
1953-06-01,27.0,,,
1953-07-01,27.1,,,
1953-08-01,27.2,,,
1953-09-01,27.3,,,
1953-10-01,27.3,,,
1953-11-01,27.2,,,
1953-12-01,27.3,,,
1954-01-01,27.3,,,
1954-02-01,27.2,,,
1954-03-01,27.1,,,
1954-04-01,27.2,,,
1954-05-01,27.2,,,
1954-06-01,27.2,,,
1954-07-01,27.3,,,
1954-08-01,27.3,,,
1954-09-01,27.2,,,
1954-10-01,27.2,,,
1954-11-01,27.2,,,
1954-12-01,27.1,,,
1955-01-01,27.1,,,
1955-02-01,27.2,,,
1955-03-01,27.1,,,
1955-04-01,27.1,,,
1955-05-01,27.0,,,
1955-06-01,27.0,,,
1955-07-01,27.0,,,
1955-08-01,27.0,,,
1955-09-01,27.2,,,
1955-10-01,27.1,,,
1955-11-01,27.2,,,
1955-12-01,27.0,,,
1956-01-01,27.1,,,
1956-02-01,27.1,,,
1956-03-01,27.1,,,
1956-04-01,27.1,,,
1956-05-01,27.3,,,
1956-06-01,27.4,,,
1956-07-01,27.6,,,
1956-08-01,27.6,,,
1956-09-01,27.8,,,
1956-10-01,27.9,,,
1956-11-01,27.9,,,
1956-12-01,27.9,,,
1957-01-01,27.9,,,
1957-02-01,28.0,,,
1957-03-01,28.0,,,
1957-04-01,28.2,,,
1957-05-01,28.3,,,
1957-06-01,28.4,,,
1957-07-01,28.6,,,
1957-08-01,28.6,,,
1957-09-01,28.5,,,
1957-10-01,28.6,,,
1957-11-01,28.6,,,
1957-12-01,28.6,,,
1958-01-01,29.0,,,
1958-02-01,29.0,,,
1958-03-01,29.2,,,
1958-04-01,29.2,,,
1958-05-01,29.2,,,
1958-06-01,29.2,,,
1958-07-01,29.2,,,
1958-08-01,29.2,,,
1958-09-01,29.3,,,
1958-10-01,29.3,,,
1958-11-01,29.4,,,
1958-12-01,29.3,,,
1959-01-01,29.4,,,
1959-02-01,29.4,,,
1959-03-01,29.4,,,
1959-04-01,29.4,,,
1959-05-01,29.4,,,
1959-06-01,29.6,,,
1959-07-01,29.8,,,
1959-08-01,29.7,,,
1959-09-01,29.8,,,
1959-10-01,29.9,,,
1959-11-01,30.0,,,
1959-12-01,30.0,,,
1960-01-01,30.0,,,
1960-02-01,30.0,,,
1960-03-01,30.0,,,
1960-04-01,30.1,,,
1960-05-01,30.1,,,
1960-06-01,30.1,,,
1960-07-01,30.1,,,
1960-08-01,30.2,,,
1960-09-01,30.3,,,
1960-10-01,30.4,,,
1960-11-01,30.5,,,
1960-12-01,30.5,,,
1961-01-01,30.4,,,
1961-02-01,30.4,,,
1961-03-01,30.4,,,
1961-04-01,30.3,,,
1961-05-01,30.3,,,
1961-06-01,30.3,,,
1961-07-01,30.5,,,
1961-08-01,30.5,,,
1961-09-01,30.6,,,
1961-10-01,30.6,,,
1961-11-01,30.6,,,
1961-12-01,30.6,,,
1962-01-01,30.7,,,
1962-02-01,30.8,,,
1962-03-01,30.8,,,
1962-04-01,30.8,,,
1962-05-01,30.7,,,
1962-06-01,30.8,,,
1962-07-01,30.9,,,
1962-08-01,31.0,,,
1962-09-01,31.2,,,
1962-10-01,31.2,,,
1962-11-01,31.1,,,
1962-12-01,31.1,,,
1963-01-01,31.2,,,
1963-02-01,31.3,,,
1963-03-01,31.3,,,
1963-04-01,31.4,,,
1963-05-01,31.3,,,
1963-06-01,31.6,,,
1963-07-01,31.8,,,
1963-08-01,31.8,,,
1963-09-01,31.8,,,
1963-10-01,31.8,,,
1963-11-01,31.9,,,
1963-12-01,32.0,,,
1964-01-01,31.9,,,
1964-02-01,32.0,,,
1964-03-01,32.0,,,
1964-04-01,32.0,,,
1964-05-01,32.0,,,
1964-06-01,32.0,,,
1964-07-01,32.1,,,
1964-08-01,32.1,,,
1964-09-01,32.2,,,
1964-10-01,32.2,,,
1964-11-01,32.3,,,
1964-12-01,32.3,,,
1965-01-01,32.2,,,
1965-02-01,32.3,,,
1965-03-01,32.3,,,
1965-04-01,32.4,,,
1965-05-01,32.5,,,
1965-06-01,32.6,,,
1965-07-01,32.7,,,
1965-08-01,32.7,,,
1965-09-01,32.8,,,
1965-10-01,32.9,,,
1965-11-01,32.9,,,
1965-12-01,33.0,,,
1966-01-01,33.0,,,
1966-02-01,33.2,,,
1966-03-01,33.4,,,
1966-04-01,33.5,,,
1966-05-01,33.5,,,
1966-06-01,33.5,,,
1966-07-01,33.8,,,
1966-08-01,33.9,,,
1966-09-01,34.1,,,
1966-10-01,34.2,,,
1966-11-01,34.2,,,
1966-12-01,34.2,,,
1967-01-01,34.1,,,
1967-02-01,34.3,,,
1967-03-01,34.3,,,
1967-04-01,34.3,,,
1967-05-01,34.4,,,
1967-06-01,34.5,,,
1967-07-01,34.6,,,
1967-08-01,34.7,,,
1967-09-01,34.8,,,
1967-10-01,34.9,,,
1967-11-01,35.0,,,
1967-12-01,35.1,,,
1968-01-01,35.1,,,
1968-02-01,35.3,,,
1968-03-01,35.5,,,
1968-04-01,35.6,,,
1968-05-01,35.7,,,
1968-06-01,35.9,,,
1968-07-01,36.1,,,
1968-08-01,36.4,,,
1968-09-01,36.6,,,
1968-10-01,36.8,,,
1968-11-01,36.9,,,
1968-12-01,37.0,,,
1969-01-01,37.2,,,
1969-02-01,37.3,,,
1969-03-01,37.7,,,
1969-04-01,37.9,,,
1969-05-01,38.0,,,
1969-06-01,38.3,,,
1969-07-01,38.4,,,
1969-08-01,38.5,,,
1969-09-01,38.8,,,
1969-10-01,39.0,,,
1969-11-01,39.1,,,
1969-12-01,39.5,,,
1970-01-01,39.8,,,
1970-02-01,40.2,,,
1970-03-01,40.4,,,
1970-04-01,40.7,,,
1970-05-01,40.9,,,
1970-06-01,41.2,,,
1970-07-01,41.3,,,
1970-08-01,41.4,,,
1970-09-01,41.7,,,
1970-10-01,41.9,,,
1970-11-01,42.0,,,
1970-12-01,42.3,,,
1971-01-01,42.4,,,
1971-02-01,42.7,,,
1971-03-01,43.0,,,
1971-04-01,43.1,,,
1971-05-01,43.3,,,
1971-06-01,43.6,,,
1971-07-01,43.9,,,
1971-08-01,43.9,,,
1971-09-01,44.0,,,
1971-10-01,44.1,,,
1971-11-01,44.1,,,
1971-12-01,44.3,,,
1972-01-01,44.5,,,
1972-02-01,44.8,,,
1972-03-01,45.0,,,
1972-04-01,45.1,,,
1972-05-01,45.2,,,
1972-06-01,45.3,,,
1972-07-01,45.5,,,
1972-08-01,45.6,,,
1972-09-01,46.0,,,
1972-10-01,46.1,,,
1972-11-01,46.1,,,
1972-12-01,46.2,,,
1973-01-01,46.3,,,
1973-02-01,46.7,,,
1973-03-01,47.2,,,
1973-04-01,47.6,,,
1973-05-01,47.8,,,
1973-06-01,48.1,,,
1973-07-01,48.2,,,
1973-08-01,49.0,,,
1973-09-01,49.2,,,
1973-10-01,49.5,,,
1973-11-01,50.0,,,
1973-12-01,50.5,,,
1974-01-01,50.8,,,
1974-02-01,51.6,,,
1974-03-01,52.2,,,
1974-04-01,52.2,,,
1974-05-01,52.8,,,
1974-06-01,53.2,,,
1974-07-01,53.4,,,
1974-08-01,54.3,,,
1974-09-01,54.9,,,
1974-10-01,55.4,,,
1974-11-01,55.7,,,
1974-12-01,56.0,,,
1975-01-01,56.0,,,
1975-02-01,56.5,,,
1975-03-01,56.5,,,
1975-04-01,56.6,,,
1975-05-01,56.8,,,
1975-06-01,57.1,,,
1975-07-01,57.6,,,
1975-08-01,57.9,,,
1975-09-01,58.6,,,
1975-10-01,58.8,,,
1975-11-01,59.3,,,
1975-12-01,59.6,,,
1976-01-01,59.7,,,
1976-02-01,60.0,,,
1976-03-01,60.2,,,
1976-04-01,60.3,,,
1976-05-01,60.5,,,
1976-06-01,60.9,,,
1976-07-01,61.1,,,
1976-08-01,61.4,,,
1976-09-01,61.8,,,
1976-10-01,61.9,,,
1976-11-01,61.9,,,
1976-12-01,62.2,,,
1977-01-01,62.4,,,
1977-02-01,63.0,,,
1977-03-01,63.3,,,
1977-04-01,63.5,,,
1977-05-01,63.9,,,
1977-06-01,64.4,,,
1977-07-01,64.5,,,
1977-08-01,64.8,,,
1977-09-01,64.8,,,
1977-10-01,64.9,,,
1977-11-01,65.2,,,
1977-12-01,65.3,60.6,61.9,61.3
1978-01-01,65.7,,,
1978-02-01,66.0,61.4,62.7,62.0
1978-03-01,66.5,,,
1978-04-01,66.9,62.6,63.6,63.2
1978-05-01,67.3,,,
1978-06-01,68.0,63.8,64.9,64.7
1978-07-01,68.1,,,
1978-08-01,68.4,64.5,65.9,65.6
1978-09-01,68.8,,,
1978-10-01,69.3,65.8,66.8,66.4
1978-11-01,69.5,,,
1978-12-01,69.7,66.7,67.6,66.1
1979-01-01,70.2,,,
1979-02-01,71.0,68.3,68.9,67.5
1979-03-01,71.4,,,
1979-04-01,72.1,70.1,70.3,69.5
1979-05-01,72.8,,,
1979-06-01,73.5,71.6,72.4,71.1
1979-07-01,74.0,,,
1979-08-01,74.5,73.3,73.5,72.8
1979-09-01,75.4,,,
1979-10-01,76.1,74.6,74.8,74.1
1979-11-01,76.6,,,
1979-12-01,77.1,76.5,76.3,76.5
1980-01-01,78.2,,,
1980-02-01,78.9,78.5,78.7,79.5
1980-03-01,80.0,,,
1980-04-01,80.6,80.7,81.0,81.4
1980-05-01,81.1,,,
1980-06-01,82.1,82.8,82.7,83.5
1980-07-01,82.6,,,
1980-08-01,83.3,82.9,83.5,83.1
1980-09-01,83.6,,,
1980-10-01,84.1,85.3,84.7,84.4
1980-11-01,84.6,,,
1980-12-01,85.5,86.8,86.1,86.3
1981-01-01,86.3,,,
1981-02-01,87.4,87.2,88.0,87.5
1981-03-01,87.8,,,
1981-04-01,88.3,88.4,89.3,89.4
1981-05-01,88.8,,,
1981-06-01,89.5,90.9,90.6,90.5
1981-07-01,90.8,,,
1981-08-01,91.6,92.2,91.8,93.5
1981-09-01,93.0,,,
1981-10-01,92.7,92.4,93.5,95.9
1981-11-01,92.6,,,
1981-12-01,92.7,92.4,94.2,95.7
1982-01-01,92.9,,,
1982-02-01,93.1,93.0,94.5,96.8
1982-03-01,92.5,,,
1982-04-01,92.8,94.0,94.7,97.2
1982-05-01,93.7,,,
1982-06-01,95.7,96.7,96.8,98.6
1982-07-01,95.9,,,
1982-08-01,96.3,98.2,97.2,98.3
1982-09-01,97.1,,,
1982-10-01,98.4,98.8,97.9,98.3
1982-11-01,98.1,,,
1982-12-01,97.5,98.1,97.6,96.2
1983-01-01,97.8,,,
1983-02-01,98.0,98.4,97.9,96.8
1983-03-01,98.1,,,
1983-04-01,99.1,99.1,98.6,97.6
1983-05-01,99.4,,,
1983-06-01,99.7,100.1,99.9,99.0
1983-07-01,100.0,,,
1983-08-01,100.1,100.9,100.6,99.8
1983-09-01,101.0,,,
1983-10-01,101.3,101.3,101.2,100.3
1983-11-01,101.7,,,
1983-12-01,101.8,101.5,101.3,100.6
1984-01-01,102.8,,,
1984-02-01,103.4,102.2,102.6,101.6
1984-03-01,103.7,,,
1984-04-01,104.1,102.9,103.0,102.5
1984-05-01,104.1,,,
1984-06-01,104.3,103.8,103.8,103.4
1984-07-01,104.8,,,
1984-08-01,105.5,104.4,104.5,104.4
1984-09-01,106.2,,,
1984-10-01,106.1,105.0,105.4,105.6
1984-11-01,106.5,,,
1984-12-01,106.5,104.9,105.5,105.5
1985-01-01,106.7,,,
1985-02-01,107.3,105.6,105.9,106.4
1985-03-01,107.5,,,
1985-04-01,107.9,106.5,106.8,107.1
1985-05-01,108.1,,,
1985-06-01,108.3,107.6,107.8,108.0
1985-07-01,108.4,,,
1985-08-01,109.2,108.0,108.3,109.2
1985-09-01,109.6,,,
1985-10-01,109.8,107.9,108.8,109.8
1985-11-01,110.7,,,
1985-12-01,111.0,108.7,109.3,110.0
1986-01-01,111.8,,,
1986-02-01,111.5,108.5,109.8,110.3
1986-03-01,111.5,,,
1986-04-01,111.2,107.7,108.7,110.1
1986-05-01,110.9,,,
1986-06-01,111.7,109.2,109.5,111.5
1986-07-01,112.5,,,
1986-08-01,112.7,109.4,109.5,111.6
1986-09-01,113.0,,,
1986-10-01,113.4,109.2,110.0,113.0
1986-11-01,113.3,,,
1986-12-01,113.8,109.6,110.2,112.0
1987-01-01,114.7,110.3,110.6,112.6
1987-02-01,115.3,110.5,111.2,113.6
1987-03-01,115.8,111.0,111.8,114.1
1987-04-01,116.6,111.5,112.4,114.8
1987-05-01,117.3,111.7,112.8,115.3
1987-06-01,117.8,113.0,113.1,115.2
1987-07-01,117.9,113.2,113.5,115.4
1987-08-01,118.9,114.0,114.0,116.0
1987-09-01,119.8,114.6,114.4,116.7
1987-10-01,120.2,114.2,114.8,117.1
1987-11-01,120.5,114.4,115.2,117.0
1987-12-01,120.6,113.9,114.9,117.2
1988-01-01,121.3,114.1,114.9,117.9
1988-02-01,121.1,114.7,115.2,118.2
1988-03-01,121.5,115.1,115.5,118.9
1988-04-01,122.6,115.7,116.0,119.2
1988-05-01,122.7,116.0,116.7,120.1
1988-06-01,123.1,117.0,117.2,120.2
1988-07-01,123.6,117.7,117.7,120.5
1988-08-01,124.2,118.3,118.0,121.1
1988-09-01,126.0,119.0,118.7,121.7
1988-10-01,126.2,119.1,118.9,122.2
1988-11-01,125.9,119.1,118.9,122.3
1988-12-01,126.0,119.2,119.2,122.5
1989-01-01,127.0,119.8,119.7,123.3
1989-02-01,127.6,120.4,120.1,123.7
1989-03-01,128.9,121.1,120.5,124.7
1989-04-01,129.5,121.9,121.4,125.3
1989-05-01,130.2,122.2,122.0,126.2
1989-06-01,130.5,123.0,122.4,126.3
1989-07-01,130.6,123.5,122.6,126.9
1989-08-01,130.9,123.5,122.8,127.1
1989-09-01,132.2,124.1,123.5,127.5
1989-10-01,132.8,124.3,123.9,127.8
1989-11-01,133.2,124.4,124.0,127.8
1989-12-01,133.3,124.3,124.0,128.3
1990-01-01,135.1,125.7,125.1,129.5
1990-02-01,135.3,126.4,126.1,130.6
1990-03-01,136.6,126.9,126.7,131.5
1990-04-01,137.3,127.3,126.8,131.5
1990-05-01,137.2,127.4,127.1,132.0
1990-06-01,137.1,128.6,127.8,132.6
1990-07-01,138.4,128.6,128.6,133.1
1990-08-01,140.0,129.9,129.0,133.9
1990-09-01,140.8,130.7,130.2,135.3
1990-10-01,141.6,131.1,131.5,136.0
1990-11-01,141.5,131.7,131.4,136.2
1990-12-01,141.6,131.5,131.3,136.7
1991-01-01,143.0,131.7,131.7,137.8
1991-02-01,143.6,132.0,132.4,137.5
1991-03-01,143.4,132.7,132.7,137.4
1991-04-01,143.7,132.6,132.7,137.8
1991-05-01,144.0,133.8,133.4,138.1
1991-06-01,144.6,134.2,133.6,138.7
1991-07-01,145.2,133.9,133.7,139.2
1991-08-01,145.4,134.1,133.6,139.7
1991-09-01,145.8,134.8,134.4,140.4
1991-10-01,145.7,134.8,135.0,140.5
1991-11-01,146.6,135.1,135.0,140.9
1991-12-01,146.6,135.2,134.8,140.8
1992-01-01,147.3,135.5,134.8,141.8
1992-02-01,148.0,135.6,135.5,142.4
1992-03-01,149.1,136.0,136.0,143.0
1992-04-01,149.2,136.3,136.1,143.2
1992-05-01,148.9,136.8,136.5,143.5
1992-06-01,149.5,137.3,137.2,143.7
1992-07-01,149.9,137.4,137.5,143.9
1992-08-01,150.8,137.9,137.3,144.3
1992-09-01,151.4,138.6,137.5,144.9
1992-10-01,152.1,138.3,138.2,145.7
1992-11-01,152.2,138.5,138.3,145.7
1992-12-01,151.9,138.9,138.0,145.8
1993-01-01,153.0,139.1,138.9,146.7
1993-02-01,153.6,139.6,139.8,147.2
1993-03-01,154.1,140.1,140.4,147.2
1993-04-01,154.0,140.5,140.8,147.7
1993-05-01,153.8,141.0,141.1,148.1
1993-06-01,154.2,141.1,141.0,147.8
1993-07-01,154.3,141.3,141.0,147.7
1993-08-01,155.3,141.8,142.0,147.8
1993-09-01,155.3,142.4,141.9,148.2
1993-10-01,155.5,142.8,142.5,148.7
1993-11-01,155.4,142.5,142.6,149.3
1993-12-01,155.6,142.2,142.7,149.5
1994-01-01,156.0,142.5,142.9,149.7
1994-02-01,157.4,143.2,143.4,149.9
1994-03-01,157.9,143.9,144.4,150.5
1994-04-01,157.7,144.1,144.4,150.4
1994-05-01,157.3,144.5,144.7,150.4
1994-06-01,157.8,145.1,145.3,150.4
1994-07-01,158.2,145.4,145.3,150.9
1994-08-01,159.1,146.3,145.7,151.3
1994-09-01,159.0,146.7,145.9,151.7
1994-10-01,159.5,146.2,145.9,152.1
1994-11-01,159.4,146.8,145.9,151.9
1994-12-01,158.9,146.8,146.0,152.2
1995-01-01,159.9,147.3,146.6,152.9
1995-02-01,160.3,148.0,147.3,153.1
1995-03-01,160.9,148.5,148.0,153.6
1995-04-01,161.4,149.0,148.3,154.0
1995-05-01,161.8,149.0,148.7,154.2
1995-06-01,162.2,149.5,148.8,154.1
1995-07-01,162.3,149.5,148.8,154.0
1995-08-01,162.8,149.8,149.4,154.1
1995-09-01,163.2,150.3,149.2,154.5
1995-10-01,163.6,150.3,149.9,154.9
1995-11-01,163.8,150.2,149.7,154.4
1995-12-01,163.7,150.3,149.5,154.4
1996-01-01,164.8,151.0,150.4,155.4
1996-02-01,165.7,151.7,150.6,155.9
1996-03-01,166.5,152.6,151.5,156.6
1996-04-01,166.0,152.9,152.4,157.3
1996-05-01,166.4,153.2,152.7,157.6
1996-06-01,166.5,153.5,153.2,157.3
1996-07-01,166.7,153.7,153.2,158.0
1996-08-01,167.2,154.0,153.1,158.1
1996-09-01,168.2,154.5,153.5,158.7
1996-10-01,168.2,154.8,153.7,159.2
1996-11-01,168.4,155.3,153.8,159.1
1996-12-01,168.5,155.5,154.0,158.7
1997-01-01,169.1,156.0,154.9,159.6
1997-02-01,170.1,156.5,155.2,160.1
1997-03-01,170.7,156.6,155.4,160.9
1997-04-01,170.2,156.9,155.7,161.2
1997-05-01,169.9,157.0,155.5,161.1
1997-06-01,170.3,157.3,155.8,161.1
1997-07-01,170.8,157.3,155.8,161.3
1997-08-01,170.8,158.0,155.9,161.7
1997-09-01,171.7,158.3,156.4,162.3
1997-10-01,172.3,158.4,156.7,163.1
1997-11-01,172.0,158.4,156.4,162.8
1997-12-01,171.9,158.1,156.3,163.1
1998-01-01,172.1,158.5,156.6,163.3
1998-02-01,172.7,158.9,156.7,163.6
1998-03-01,173.0,159.5,157.2,163.8
1998-04-01,173.0,160.1,157.6,164.2
1998-05-01,173.0,160.5,157.7,165.0
1998-06-01,173.1,160.8,158.4,165.0
1998-07-01,173.6,161.2,158.5,165.1
1998-08-01,174.2,161.0,158.9,165.6
1998-09-01,174.4,161.4,158.8,165.9
1998-10-01,174.8,161.4,159.0,166.3
1998-11-01,174.7,161.3,158.6,166.5
1998-12-01,174.7,161.0,158.3,166.5
1999-01-01,175.0,161.6,158.9,167.3
1999-02-01,175.1,161.8,158.9,167.8
1999-03-01,175.5,162.4,159.7,168.2
1999-04-01,176.0,163.6,160.5,170.0
1999-05-01,176.1,163.6,160.5,169.8
1999-06-01,176.8,164.1,160.9,169.3
1999-07-01,177.2,164.6,161.4,169.9
1999-08-01,177.6,164.8,161.9,170.5
1999-09-01,178.2,165.7,162.7,171.2
1999-10-01,178.9,165.7,163.2,171.6
1999-11-01,178.8,165.6,162.9,171.6
1999-12-01,178.6,165.5,163.0,171.7
2000-01-01,179.3,166.3,163.5,172.3
2000-02-01,180.5,167.3,164.1,173.4
2000-03-01,181.5,168.5,166.0,174.9
2000-04-01,181.4,168.3,166.1,175.2
2000-05-01,181.4,169.2,166.0,175.5
2000-06-01,182.0,171.3,167.2,175.8
2000-07-01,182.8,170.5,167.9,176.8
2000-08-01,183.1,170.0,167.9,177.6
2000-09-01,184.4,171.5,168.4,178.4
2000-10-01,184.6,171.5,168.6,179.0
2000-11-01,184.6,171.7,168.5,178.8
2000-12-01,184.2,171.6,168.4,179.0
2001-01-01,184.9,173.5,169.3,180.1
2001-02-01,185.3,173.8,170.4,181.3
2001-03-01,186.4,173.3,170.9,182.0
2001-04-01,186.6,174.4,171.6,182.5
2001-05-01,187.3,175.6,171.9,183.4
2001-06-01,188.3,175.3,172.7,184.4
2001-07-01,187.8,174.3,172.5,184.2
2001-08-01,188.1,174.8,172.3,184.1
2001-09-01,188.0,176.1,173.2,184.7
2001-10-01,187.8,174.5,173.1,184.6
2001-11-01,187.8,174.2,172.2,184.3
2001-12-01,187.3,173.8,171.7,183.5
2002-01-01,188.5,174.1,171.7,184.4
2002-02-01,189.9,174.7,172.4,185.4
2002-03-01,191.1,176.0,173.3,186.2
2002-04-01,191.8,177.3,174.2,187.2
2002-05-01,191.4,177.2,174.6,187.5
2002-06-01,191.5,177.7,174.9,187.2
2002-07-01,192.0,177.5,174.8,187.4
2002-08-01,193.1,178.2,175.4,187.9
2002-09-01,193.3,178.8,175.7,188.2
2002-10-01,193.7,178.7,176.5,188.4
2002-11-01,193.4,178.3,176.1,188.4
2002-12-01,193.1,177.8,175.9,188.0
2003-01-01,194.7,178.2,176.7,189.2
2003-02-01,196.2,180.0,178.3,190.9
2003-03-01,197.1,180.7,179.1,192.1
2003-04-01,196.7,179.7,178.9,191.7
2003-05-01,196.8,179.7,178.6,191.2
2003-06-01,196.9,180.7,179.0,190.9
2003-07-01,197.7,180.5,179.1,190.9
2003-08-01,199.1,181.2,179.8,191.7
2003-09-01,199.6,182.0,180.1,192.3
2003-10-01,200.0,181.7,180.1,191.9
2003-11-01,199.4,181.4,179.1,191.0
2003-12-01,199.3,180.9,179.2,190.6
2004-01-01,199.9,181.8,179.8,191.7
2004-02-01,201.1,182.5,180.8,193.2
2004-03-01,203.4,183.1,181.8,194.5
2004-04-01,204.0,183.7,182.5,194.6
2004-05-01,204.4,185.0,183.4,195.9
2004-06-01,206.0,185.3,184.3,195.9
2004-07-01,205.5,185.4,183.7,195.4
2004-08-01,205.7,185.6,183.7,195.5
2004-09-01,205.9,185.9,184.0,196.4
2004-10-01,207.3,186.8,185.0,197.5
2004-11-01,207.2,186.9,185.0,197.6
2004-12-01,206.8,185.7,184.9,196.5
2005-01-01,208.1,185.9,185.2,196.7
2005-02-01,208.9,187.1,186.6,198.3
2005-03-01,212.4,188.3,187.9,199.8
2005-04-01,212.5,189.6,189.1,201.3
2005-05-01,211.4,189.4,189.2,201.5
2005-06-01,210.7,189.8,189.7,200.5
2005-07-01,212.5,190.1,190.3,201.3
2005-08-01,214.1,191.5,191.0,202.4
2005-09-01,215.8,193.8,193.9,204.5
2005-10-01,216.6,193.7,194.5,205.4
2005-11-01,215.3,192.1,192.9,204.2
2005-12-01,214.2,191.6,191.9,203.0
2006-01-01,215.9,192.7,193.6,204.7
2006-02-01,216.4,192.5,193.9,205.7
2006-03-01,218.2,193.8,194.6,206.8
2006-04-01,220.2,194.5,196.5,208.6
2006-05-01,221.6,195.1,197.4,210.3
2006-06-01,222.6,195.6,198.2,209.5
2006-07-01,223.1,196.3,198.9,210.0
2006-08-01,224.1,196.9,199.2,210.7
2006-09-01,222.9,195.7,198.3,211.3
2006-10-01,221.7,194.1,197.2,210.5
2006-11-01,220.9,194.5,196.6,209.7
2006-12-01,221.3,194.7,197.3,209.6
2007-01-01,221.767,195.073,197.65,211.102
2007-02-01,223.066,196.507,198.516,212.549
2007-03-01,224.551,198.335,200.538,214.393
2007-04-01,225.78,199.378,201.818,215.54
2007-05-01,227.146,200.818,202.84,216.64
2007-06-01,228.258,200.666,204.152,215.901
2007-07-01,228.628,200.369,203.953,215.855
2007-08-01,228.326,199.823,203.579,215.825
2007-09-01,228.308,201.171,204.302,216.429
2007-10-01,228.552,200.927,204.779,217.314
2007-11-01,229.504,202.012,205.698,218.196
2007-12-01,229.395,201.519,206.078,218.02
2008-01-01,229.869,202.83,207.221,219.036
2008-02-01,231.02,203.347,207.605,219.799
2008-03-01,233.122,205.141,209.065,221.997
2008-04-01,233.822,206.59,209.987,222.689
2008-05-01,236.151,208.291,211.846,224.704
2008-06-01,238.58,209.813,214.359,226.767
2008-07-01,240.273,211.003,215.373,227.562
2008-08-01,240.55,210.341,214.496,226.541
2008-09-01,240.089,210.283,214.854,225.91
2008-10-01,238.403,207.049,212.617,224.967
2008-11-01,234.498,202.922,208.644,220.925
2008-12-01,233.012,200.465,206.414,218.698
2009-01-01,233.402,202.001,207.035,219.806
2009-02-01,234.663,202.639,207.929,220.955
2009-03-01,235.067,203.24,208.529,221.124
2009-04-01,235.582,203.463,208.934,221.79
2009-05-01,235.975,204.443,209.235,222.659
2009-06-01,237.172,206.308,211.39,223.908
2009-07-01,237.6,205.656,211.034,223.498
2009-08-01,238.282,206.591,211.436,224.072
2009-09-01,238.568,206.459,211.212,224.412
2009-10-01,238.38,206.625,211.152,224.372
2009-11-01,238.777,207.277,211.424,223.489
2009-12-01,238.427,206.399,210.971,223.058
2010-01-01,238.97,207.325,211.762,223.852
2010-02-01,238.862,207.329,211.503,223.989
2010-03-01,240.101,207.975,212.692,224.636
2010-04-01,240.529,208.308,213.052,225.04
2010-05-01,241.075,208.489,213.101,225.571
2010-06-01,240.817,208.289,213.121,225.291
2010-07-01,241.147,208.556,212.696,225.574
2010-08-01,241.569,208.912,212.947,225.79
2010-09-01,241.485,209.253,213.493,225.726
2010-10-01,241.981,209.182,213.589,226.058
2010-11-01,241.96,209.344,213.424,225.847
2010-12-01,241.874,209.936,213.85,226.112
2011-01-01,242.639,210.928,215.127,227.281
2011-02-01,243.832,211.503,216.145,228.444
2011-03-01,245.617,213.449,218.391,230.707
2011-04-01,246.489,214.878,219.944,231.808
2011-05-01,248.073,216.376,220.982,232.393
2011-06-01,248.505,216.29,220.481,232.01
2011-07-01,249.164,216.35,220.897,231.666
2011-08-01,250.058,216.87,221.685,232.219
2011-09-01,250.559,217.36,221.242,233.221
2011-10-01,250.051,216.13,220.515,233.259
2011-11-01,249.317,216.097,220.654,232.851
2011-12-01,248.307,215.633,220.152,232.106
2012-01-01,249.322,216.883,221.185,233.044
2012-02-01,250.285,217.32,222.711,234.173
2012-03-01,251.887,219.269,224.25,236.249
2012-04-01,252.349,219.519,225.154,236.631
2012-05-01,252.652,219.484,224.313,237.215
2012-06-01,252.406,219.307,224.169,236.926
2012-07-01,252.016,219.229,223.503,236.28
2012-08-01,253.472,220.594,224.962,237.607
2012-09-01,254.554,221.431,226.122,238.684
2012-10-01,254.277,220.767,225.302,239.901
2012-11-01,254.285,219.795,224.274,237.673
2012-12-01,253.555,219.314,223.994,236.364
2013-01-01,254.807,219.667,224.763,237.45
2013-02-01,256.234,222.055,226.878,239.34
2013-03-01,256.589,222.448,227.48,240.269
2013-04-01,255.967,222.329,227.331,240.115
2013-05-01,256.27,223.539,227.284,240.64
2013-06-01,256.911,224.35,227.82,241.033
2013-07-01,257.326,223.475,228.389,240.996
2013-08-01,257.659,223.604,228.799,241.088
2013-09-01,258.504,223.601,229.008,241.884
2013-10-01,257.069,222.329,228.559,241.902
2013-11-01,257.377,221.968,228.06,240.931
2013-12-01,257.284,221.384,228.715,240.788
2014-01-01,259.596,222.545,229.401,241.501
2014-02-01,259.019,223.694,230.208,242.699
2014-03-01,259.971,225.869,231.495,244.259
2014-04-01,259.985,226.582,232.318,245.096
2014-05-01,261.225,226.893,232.808,246.51
2014-06-01,261.35,227.965,233.469,246.7
2014-07-01,261.498,227.235,233.151,247.079
2014-08-01,261.075,226.789,232.902,246.74
2014-09-01,261.074,226.85,233.126,246.933
2014-10-01,260.5,225.925,232.482,246.79
2014-11-01,259.382,224.531,231.519,245.311
2014-12-01,258.08,223.021,230.384,244.204
2015-01-01,258.376,221.935,229.071,243.655
2015-02-01,259.24,222.441,229.901,245.027
2015-03-01,259.647,223.624,231.496,247.11
2015-04-01,259.959,224.088,231.908,247.51
2015-05-01,261.066,225.022,232.903,249.766
2015-06-01,261.512,226.105,234.202,249.885
2015-07-01,261.199,226.097,233.682,251.114
2015-08-01,261.347,226.278,233.513,250.699
2015-09-01,261.887,225.534,233.48,250.076
2015-10-01,261.515,225.319,233.348,250.362
2015-11-01,261.009,224.476,232.934,249.961
2015-12-01,259.941,223.237,232.29,249.655
2016-01-01,260.342,224.074,232.442,250.984
2016-02-01,260.875,223.726,232.826,251.196
2016-03-01,261.508,224.768,233.897,251.941
2016-04-01,262.619,225.918,234.864,253.011
2016-05-01,263.312,226.85,235.767,254.231
2016-06-01,263.877,228.354,236.797,254.753
2016-07-01,263.722,227.157,236.517,255.011
2016-08-01,264.16,227.554,236.612,255.2
2016-09-01,264.602,228.236,237.029,255.975
2016-10-01,264.738,227.913,237.28,256.771
2016-11-01,265.203,227.482,237.399,256.209
2016-12-01,265.421,227.549,237.502,256.396
2017-01-01,266.917,228.968,238.421,257.949
2017-02-01,267.662,229.334,239.026,259.316
2017-03-01,267.582,229.554,239.112,260.092
2017-04-01,267.948,230.477,239.722,260.964
2017-05-01,268.183,230.634,239.996,261.696
2017-06-01,268.666,230.941,240.85,261.792
2017-07-01,268.051,230.957,240.366,262.195
2017-08-01,268.657,231.441,241.367,262.522
2017-09-01,270.059,232.224,243.484,263.778
2017-10-01,269.575,231.661,242.923,264.552
2017-11-01,269.381,232.391,242.88,264.678
2017-12-01,269.564,231.695,242.53,265.009
2018-01-01,270.771,232.913,243.431,266.498
2018-02-01,272.214,233.202,245.367,268.106
2018-03-01,272.196,233.584,245.334,269.271
2018-04-01,272.95,234.666,246.305,270.283
2018-05-01,274.001,235.884,247.37,271.302
2018-06-01,274.17,236.586,248.166,271.724
2018-07-01,274.073,236.35,248.047,272.296
2018-08-01,274.441,236.118,247.946,272.606
2018-09-01,275.455,236.394,248.162,273.414
2018-10-01,275.101,236.409,248.56,274.63
2018-11-01,274.478,234.752,248.04,273.769
2018-12-01,273.836,234.443,246.911,273.507
2019-01-01,275.144,234.773,247.112,274.142
2019-02-01,275.823,236.109,248.505,274.753
2019-03-01,276.57,237.414,250.011,276.187
2019-04-01,277.441,237.576,251.526,278.268
2019-05-01,278.068,238.926,251.949,279.41
2019-06-01,278.802,239.007,251.247,279.446
2019-07-01,278.817,239.819,251.878,279.726
2019-08-01,279.428,239.867,251.959,279.891
2019-09-01,279.338,239.885,252.235,281.35
2019-10-01,279.255,240.737,252.536,282.713
2019-11-01,279.468,239.956,252.31,282.189
2019-12-01,279.816,239.925,252.049,281.143
2020-01-01,282.02,241.139,252.646,282.427
2020-02-01,282.577,241.652,253.216,283.592
2020-03-01,281.975,240.436,252.746,282.88
2020-04-01,280.623,237.335,251.019,281.278
2020-05-01,282.092,238.701,250.717,282.345
2020-06-01,282.333,240.625,251.967,283.59
2020-07-01,283.624,240.885,253.283,284.994
2020-08-01,283.478,241.847,254.07,285.441
2020-09-01,284.551,243.269,254.848,284.925
2020-10-01,284.121,243.183,255.045,285.347
2020-11-01,283.291,242.349,254.791,285.451
2020-12-01,284.35,242.358,255.035,285.258
2021-01-01,285.525,242.716,256.377,285.948
2021-02-01,286.474,244.759,257.802,287.47
2021-03-01,287.481,246.627,259.712,289.308
2021-04-01,289.493,248.593,261.489,292.049
2021-05-01,290.991,250.644,263.638,293.814
2021-06-01,293.872,252.908,265.604,296.099
2021-07-01,293.553,254.319,266.462,297.881
2021-08-01,293.927,254.555,267.404,298.574
2021-09-01,295.488,255.359,268.332,299.082
2021-10-01,296.472,257.306,270.858,301.67
2021-11-01,297.49,258.256,272.251,303.213
2021-12-01,296.865,259.128,273.751,304.574
2022-01-01,300.164,260.643,276.223,307.206
2022-02-01,301.151,262.875,279.536,309.424
2022-03-01,305.024,266.405,283.581,313.718
2022-04-01,307.781,268.162,285.087,315.653
2022-05-01,309.243,271.973,288.852,318.204
2022-06-01,313.589,276.265,292.087,322.591
2022-07-01,312.615,275.964,292.361,322.703
2022-08-01,313.28,275.928,292.516,322.401
2022-09-01,313.88,276.45,292.969,323.649
2022-10-01,314.338,276.563,294.198,325.86
2022-11-01,314.975,275.292,294.458,324.407
2022-12-01,315.656,274.078,293.708,323.322
2023-01-01,318.151,275.942,295.376,327.337
2023-02-01,319.295,277.09,297.391,328.569
2023-03-01,319.038,278.882,298.969,329.536
2023-04-01,319.211,280.827,300.758,331.296
2023-05-01,320.002,281.84,302.034,332.6
2023-06-01,321.29,282.753,302.839,333.674
2023-07-01,322.496,284.803,303.148,333.779
2023-08-01,324.38,283.896,304.961,335.462
2023-09-01,325.613,284.19,306.034,336.532
2023-10-01,325.288,284.18,305.774,336.826
2023-11-01,324.52,283.4,305.824,335.522
2023-12-01,324.691,283.197,305.927,335.308
2024-01-01,328.006,284.072,306.838,337.095
2024-02-01,328.606,285.912,309.562,339.135
2024-03-01,329.829,288.104,310.723,341.299
2024-04-01,331.27,289.785,311.601,343.531
2024-05-01,332.633,291.154,312.422,344.314
2024-06-01,334.782,291.443,312.56,343.88
2024-07-01,335.642,293.789,312.719,344.246
2024-08-01,336.534,293.661,313.019,344.295
2024-09-01,337.889,293.553,312.735,344.866
2024-10-01,338.166,292.617,313.412,344.947
2024-11-01,338.535,291.698,313.22,344.511
2024-12-01,338.61,292.002,312.905,344.416
2025-01-01,341.144,294.431,314.903,346.715
